Site,Tree,Stage,RipeningStage ,LD65,aD65,bD65,400nm,410nm,420nm,430nm,440nm,450nm,460nm,470nm,480nm,490nm,500nm,510nm,520nm,530nm,540nm,550nm,560nm,570nm,580nm,590nm,600nm,610nm,620nm,630nm,640nm,650nm,660nm,670nm,680nm,690nm,700nm
REPSA,A11,1,G,58.1,-14.93,40.57,4.19,4.61,5.42,6.31,7.02,7.81,8.5,8.81,8.95,9.7,12.34,17.23,23.78,29.04,31.85,32.99,32.63,30.64,28.18,26.55,25.67,24.15,22.32,21.67,20.11,17.17,14.53,11.4,11.84,20.31,36.56
REPSA,A11,1,G,59.81,-16.12,42,4.49,4.92,5.74,6.62,7.36,8.2,8.94,9.25,9.38,10.16,13.07,18.57,25.84,31.53,34.45,35.49,34.93,32.73,30.03,28.24,27.2,25.53,23.56,22.87,21,17.57,14.8,11.56,12.12,21.62,39.29
REPSA,A11,1,G,60.04,-16.94,43.15,4.61,5.08,5.87,6.57,7.12,7.93,8.65,8.89,9.03,9.85,12.81,18.6,26.27,32.17,35.1,36.06,35.41,33.09,30.27,28.34,27.21,25.52,23.48,22.73,20.56,16.83,14.12,10.88,11.49,21.45,39.74
REPSA,A11,1,G,56.3,-11.92,40.09,4.4,4.47,4.87,5.67,6.57,7.3,7.78,8.07,8.2,8.62,10.43,14.34,20.38,25.8,29.15,30.68,30.66,29.09,26.99,25.62,24.88,23.45,21.73,21.12,19.65,16.84,14.31,11.41,11.9,20.04,35.66
REPSA,A11,1,G,57.38,-14.49,40.95,4.42,4.7,5.29,6.03,6.69,7.38,7.97,8.27,8.4,9.02,11.43,16.21,22.79,28.14,31.01,32.15,31.8,29.94,27.57,26.02,25.18,23.6,21.73,21.07,19.63,16.76,13.96,10.78,11.23,19.6,35.28
REPSA,A11,1,G,57.02,-14.06,40.83,4.35,4.43,4.88,5.76,6.66,7.4,7.92,8.2,8.31,8.8,10.75,14.97,21.51,27.38,30.79,32.2,31.88,29.84,27.32,25.68,24.77,23.22,21.41,20.74,19.1,16.15,13.68,10.89,11.41,19.77,36.42
REPSA,A11,1,G,53.31,-16.67,38.35,4.09,4.27,4.7,5.23,5.7,6.28,6.78,6.96,7.06,7.58,9.62,13.77,19.77,24.68,27.18,28.04,27.39,25.11,22.51,20.86,19.97,18.52,16.85,16.25,14.86,12.38,10.33,8.17,8.72,15.66,30.52
REPSA,A11,1,G,57.72,-15.75,41.49,4.54,4.84,5.45,6.13,6.69,7.37,7.93,8.2,8.32,8.95,11.42,16.4,23.37,28.97,31.91,32.99,32.49,30.37,27.73,26.01,25.06,23.37,21.39,20.67,19.04,15.97,13.24,10.23,10.73,19.28,35.88
REPSA,A11,1,G,56.91,-15.06,40.89,4.49,4.78,5.27,5.88,6.51,7.21,7.76,8.01,8.14,8.71,11,15.59,22.17,27.69,30.77,32,31.6,29.53,26.95,25.28,24.35,22.74,20.89,20.21,18.65,15.74,13.14,10.23,10.79,19.03,34.82
REPSA,A11,1,G,55.66,-14.63,40.13,4.5,4.69,5.09,5.66,6.23,6.85,7.36,7.61,7.72,8.26,10.32,14.58,20.85,26.24,29.24,30.44,30.08,28.11,25.64,24.06,23.19,21.63,19.8,19.14,17.72,14.99,12.47,9.72,10.19,18.03,33.81
REPSA,A29,1,G,60.14,-17.44,43.68,5.11,5.77,6.37,6.69,6.99,7.74,8.38,8.64,8.88,9.66,12.61,18.5,26.39,32.45,35.43,36.46,35.77,33.35,30.36,28.33,27.2,25.33,23.13,22.33,20.38,16.77,13.76,10.42,11.03,21.04,40.3
REPSA,A29,1,G,54.49,-16.09,39.23,4.59,4.91,5.35,5.72,6.03,6.51,6.97,7.13,7.24,7.76,9.77,14.07,20.39,25.63,28.38,29.42,28.89,26.68,24.03,22.32,21.39,19.82,18,17.36,15.84,13.06,10.82,8.52,9.04,16.66,33.27
REPSA,A29,1,G,52.09,-16.79,38.09,4.54,4.68,4.95,5.25,5.5,5.87,6.19,6.3,6.39,6.74,8.25,11.88,17.92,23.34,26.31,27.44,26.81,24.33,21.45,19.65,18.69,17.12,15.33,14.71,13.38,10.97,9.05,7.27,7.77,14.31,30.67
REPSA,A29,1,G,53.1,-15.86,38.41,4.6,4.85,5.19,5.5,5.77,6.18,6.55,6.68,6.78,7.2,8.88,12.7,18.75,24.07,26.98,28.11,27.6,25.35,22.68,20.96,20.05,18.48,16.69,16.04,14.64,12.07,9.98,7.93,8.43,15.41,31.74
REPSA,A29,1,G,54.05,-17.32,39.23,4.81,5.12,5.42,5.62,5.82,6.31,6.73,6.86,7.01,7.51,9.48,13.79,20.23,25.6,28.36,29.31,28.62,26.16,23.3,21.46,20.45,18.85,17.04,16.39,14.81,12.05,9.98,7.87,8.43,15.93,32.92
REPSA,A29,1,G,57.84,-14.59,44.06,4.4,4.56,5.01,5.63,6.16,6.75,7.27,7.5,7.61,8.13,10.29,15.07,22.33,28.5,31.92,33.31,33.06,31.13,28.56,26.87,25.97,24.14,21.96,21.19,19.52,16.14,13,9.72,10.26,19.47,38
REPSA,A29,1,G,58.55,-16.65,44.22,4.67,5.08,5.61,6.01,6.32,6.91,7.46,7.69,7.84,8.45,10.88,16.19,23.87,30.15,33.43,34.63,34.1,31.8,28.87,26.89,25.81,23.93,21.71,20.89,19.05,15.59,12.64,9.44,9.94,19.41,38.58
REPSA,A29,1,G,57.37,-17.02,42.11,4.88,5.37,5.83,6.07,6.29,6.91,7.49,7.7,7.87,8.53,11.05,16.25,23.45,29.1,31.92,32.87,32.23,29.95,27.15,25.28,24.24,22.48,20.44,19.69,18.02,14.85,12.11,9.16,9.69,18.37,35.81
REPSA,A29,1,G,56.58,-16.28,40.89,4.87,5.27,5.75,6.12,6.45,7,7.49,7.63,7.76,8.28,10.43,15.06,22.01,27.83,30.95,32.12,31.58,29.26,26.4,24.54,23.51,21.77,19.78,19.06,17.34,14.21,11.72,9.13,9.74,18.13,36.08
REPSA,A29,1,G,52.34,-13.27,38.6,4.38,4.49,4.77,5.14,5.48,5.88,6.21,6.35,6.44,6.78,8.32,11.88,17.59,22.62,25.43,26.58,26.31,24.57,22.41,21.1,20.47,19.04,17.32,16.76,15.39,12.71,10.35,8.02,8.54,16,32.83
REPSA,A24,1,G,52.98,-15.8,36.99,4.56,4.76,5.14,5.61,6.03,6.54,6.97,7.1,7.2,7.62,9.27,12.85,18.63,23.89,26.86,28.02,27.43,25.08,22.36,20.66,19.76,18.25,16.56,15.96,14.69,12.34,10.38,8.4,8.86,15.41,31.5
REPSA,A24,1,G,53.5,-15.03,37.84,4.49,4.7,5.11,5.6,6.03,6.53,6.96,7.13,7.24,7.65,9.31,12.98,18.84,24.1,27.12,28.34,27.9,25.77,23.2,21.56,20.68,19.13,17.34,16.7,15.42,12.94,10.75,8.53,8.96,15.81,31.71
REPSA,A24,1,G,52.78,-15.66,36.95,4.46,4.64,5.06,5.55,5.97,6.47,6.88,7.02,7.12,7.53,9.13,12.66,18.39,23.61,26.58,27.75,27.21,24.92,22.24,20.55,19.64,18.13,16.42,15.8,14.53,12.19,10.21,8.24,8.71,15.24,31.13
REPSA,A24,1,G,50.43,-15.92,36.13,4.47,4.6,4.85,5.13,5.37,5.71,6,6.07,6.15,6.48,7.86,11.06,16.49,21.44,24.29,25.45,24.93,22.64,19.97,18.32,17.43,15.94,14.31,13.74,12.47,10.27,8.54,6.98,7.55,13.73,29.52
REPSA,A24,1,G,53.17,-15.51,37.62,4.55,4.78,5.17,5.59,5.95,6.43,6.84,7,7.09,7.53,9.2,12.91,18.77,24,26.92,28.06,27.54,25.34,22.73,21.06,20.15,18.63,16.88,16.28,14.94,12.42,10.36,8.26,8.69,15.56,31.56
REPSA,A24,1,G,53.85,-15.07,39.17,4.53,4.71,5.05,5.49,5.88,6.35,6.74,6.89,6.99,7.39,9.02,12.75,18.82,24.38,27.61,28.95,28.55,26.4,23.75,22.03,21.11,19.47,17.58,16.92,15.56,12.92,10.61,8.32,8.78,16.06,32.51
REPSA,A24,1,G,53.75,-16.93,37.68,4.6,4.95,5.43,5.81,6.11,6.63,7.07,7.19,7.33,7.83,9.73,13.77,19.95,25.17,27.89,28.87,28.19,25.73,22.9,21.12,20.16,18.61,16.9,16.26,14.77,12.26,10.28,8.28,8.86,15.96,32.33
REPSA,A24,1,G,53.23,-14.57,37.56,4.62,4.89,5.28,5.66,5.98,6.45,6.86,7,7.12,7.56,9.34,13.19,19.06,23.91,26.53,27.59,27.21,25.26,22.91,21.43,20.65,19.18,17.52,16.96,15.6,13.03,10.79,8.53,9.09,16.52,32.32
REPSA,A24,1,G,53.94,-15.35,38.34,4.44,4.58,4.99,5.58,6.11,6.63,7.06,7.24,7.32,7.72,9.37,13.05,19.09,24.65,27.83,29.1,28.59,26.28,23.56,21.85,20.94,19.37,17.59,16.97,15.65,13.16,11.02,8.8,9.25,16.27,32.77
REPSA,A24,1,G,49.54,-15.53,34.77,4.47,4.56,4.78,5.08,5.36,5.7,5.99,6.06,6.13,6.43,7.67,10.63,15.79,20.61,23.36,24.48,23.92,21.62,19.05,17.46,16.62,15.29,13.83,13.31,12.1,10.07,8.58,7.18,7.68,13.57,28.96
REPSA,A29,1,G,53.94,-14.85,40.39,4.44,4.54,4.83,5.24,5.62,6.08,6.45,6.64,6.75,7.1,8.66,12.4,18.62,24.35,27.7,29.13,28.82,26.68,23.98,22.27,21.38,19.72,17.73,17.05,15.79,13.18,10.68,8.18,8.62,16.02,32.91
REPSA,A29,1,G,54.65,-9.71,40.37,4.4,4.51,4.85,5.38,5.92,6.42,6.82,7.04,7.14,7.5,9.15,12.88,18.62,23.66,26.63,28.02,28.22,27.22,25.68,24.79,24.43,23.08,21.25,20.69,19.4,16.4,13.27,9.92,10.47,19.32,36.52
REPSA,A29,1,G,52.08,-15.46,37.77,4.58,4.78,5.04,5.3,5.55,5.94,6.27,6.4,6.51,6.84,8.34,11.89,17.7,22.9,25.83,27,26.53,24.36,21.73,20.08,19.21,17.66,15.88,15.26,14.03,11.66,9.56,7.5,7.98,14.59,30.27
REPSA,A29,1,G,53.94,-12.64,40.08,4.38,4.51,4.82,5.26,5.69,6.17,6.55,6.77,6.88,7.23,8.78,12.47,18.42,23.79,26.92,28.29,28.17,26.54,24.38,23.04,22.36,20.84,18.92,18.3,17.05,14.32,11.6,8.76,9.13,16.87,33.73
REPSA,A29,1,G,50.98,-14.01,36.7,4.42,4.54,4.78,5.11,5.43,5.81,6.1,6.25,6.35,6.64,7.93,11.12,16.5,21.44,24.29,25.5,25.18,23.27,20.91,19.44,18.68,17.26,15.58,15,13.88,11.67,9.61,7.57,7.98,14.34,29.28
REPSA,A29,1,G,54.85,-15.14,40.45,4.48,4.72,5.14,5.56,5.91,6.41,6.82,6.99,7.11,7.54,9.38,13.6,20.08,25.61,28.6,29.8,29.44,27.41,24.83,23.13,22.24,20.62,18.7,18.01,16.44,13.54,11.08,8.49,9.06,17.15,34.39
REPSA,A29,1,G,53.93,-13.63,39.94,4.35,4.48,4.82,5.28,5.75,6.22,6.58,6.77,6.88,7.21,8.78,12.53,18.65,24.12,27.26,28.58,28.33,26.49,24.13,22.66,21.89,20.33,18.45,17.81,16.48,13.74,11.2,8.6,9.09,16.71,33.36
REPSA,A29,1,G,51.89,-14.08,37.42,4.52,4.67,4.92,5.25,5.58,6,6.32,6.46,6.57,6.86,8.21,11.51,17.07,22.25,25.27,26.56,26.24,24.26,21.82,20.3,19.52,18.04,16.29,15.7,14.47,12.05,9.91,7.8,8.27,15.07,31.04
REPSA,A29,1,G,56.15,-15.68,41.21,4.65,4.99,5.44,5.83,6.17,6.71,7.17,7.38,7.53,8.06,10.24,14.92,21.69,27.22,30.12,31.23,30.8,28.7,26.07,24.36,23.44,21.77,19.8,19.1,17.47,14.42,11.83,9.04,9.6,18.18,35.67
REPSA,A29,1,G,53.16,-15.17,38.81,4.47,4.65,5,5.39,5.71,6.13,6.49,6.64,6.75,7.12,8.72,12.48,18.51,23.88,26.85,28.03,27.62,25.56,22.96,21.3,20.41,18.84,17.01,16.35,15.03,12.47,10.22,7.94,8.39,15.45,31.58
REPSA,A1,1,G,53.56,-16.53,37.91,4.97,5.3,5.6,5.76,5.93,6.41,6.85,7.02,7.19,7.71,9.62,13.65,19.69,24.83,27.51,28.5,27.9,25.58,22.84,21.11,20.21,18.67,16.86,16.21,14.94,12.56,10.37,8.12,8.55,15.51,31.39
REPSA,A1,1,G,54.35,-15.89,39.35,4.8,5.12,5.47,5.73,5.95,6.41,6.83,7.03,7.18,7.62,9.4,13.4,19.69,25.26,28.36,29.62,29.12,26.77,23.93,22.18,21.27,19.62,17.7,17.04,15.83,13.38,10.93,8.42,8.78,15.9,32.08
REPSA,A1,1,G,52.88,-12.25,37.97,4.44,4.58,4.93,5.41,5.84,6.26,6.62,6.86,6.98,7.28,8.67,11.9,17.29,22.45,25.71,27.26,27.17,25.43,23.17,21.81,21.13,19.67,17.92,17.31,16.44,14.35,11.82,9.15,9.39,15.91,30.72
REPSA,A1,1,G,47.16,-6.7,32.44,4.35,4.42,4.58,4.85,5.15,5.4,5.58,5.69,5.74,5.93,6.83,8.96,12.69,16.4,18.87,20.12,20.24,19.27,18.12,17.59,17.48,16.82,15.88,15.62,14.68,12.79,11.03,8.86,9.09,15.16,28.81
REPSA,A1,1,G,47.97,-12.44,33.66,4.4,4.44,4.61,4.89,5.16,5.39,5.58,5.69,5.73,5.96,6.98,9.43,13.83,18.24,21.05,22.35,22.15,20.43,18.32,17.01,16.33,15.11,13.72,13.23,12.28,10.44,8.8,7.17,7.62,13.11,26.64
REPSA,A1,1,G,52.92,-14.57,37.98,4.69,4.93,5.21,5.47,5.75,6.2,6.58,6.77,6.92,7.3,8.94,12.59,18.33,23.39,26.32,27.59,27.24,25.17,22.65,21.11,20.32,18.79,17.04,16.44,15.37,13.15,10.83,8.46,8.94,15.78,30.99
REPSA,A1,1,G,52.6,-14.5,36.88,4.47,4.66,5.05,5.51,5.91,6.39,6.79,7.01,7.11,7.5,9.08,12.54,18.06,23.06,25.99,27.24,26.84,24.73,22.23,20.72,19.93,18.46,16.78,16.19,15.17,13.06,10.87,8.59,8.96,15.3,29.91
REPSA,A1,1,G,51.46,-15.88,35.79,4.76,5.03,5.32,5.53,5.74,6.14,6.49,6.62,6.75,7.14,8.72,12.24,17.78,22.61,25.19,26.15,25.59,23.37,20.78,19.18,18.35,16.92,15.28,14.69,13.52,11.39,9.48,7.62,8.16,14.5,29.22
REPSA,A1,1,G,54.09,-16.19,39.04,4.85,5.15,5.45,5.67,5.89,6.36,6.81,6.99,7.12,7.61,9.53,13.66,19.9,25.2,28.04,29.14,28.59,26.31,23.56,21.84,20.93,19.32,17.48,16.81,15.52,13.04,10.71,8.32,8.82,16.15,32.23
REPSA,A1,1,G,54.11,-14.04,39.59,4.53,4.79,5.18,5.54,5.87,6.31,6.68,6.9,7.03,7.42,9.07,12.83,18.84,24.27,27.49,28.96,28.73,26.73,24.19,22.6,21.79,20.18,18.29,17.64,16.5,14.08,11.52,8.84,9.21,16.51,32.6
REPSA,A29,1,G,50.49,-10.75,34.88,4.65,4.63,4.77,5.19,5.71,6.13,6.43,6.59,6.67,6.95,8.05,10.66,15.21,19.71,22.73,24.33,24.46,23.03,21.06,19.83,19.25,17.95,16.36,15.81,14.93,12.93,10.74,8.5,8.71,14.67,28.82
REPSA,A29,1,G,48.69,-3.85,34.62,4.29,4.35,4.57,4.93,5.28,5.52,5.68,5.79,5.84,5.99,6.87,9.19,13.19,16.99,19.32,20.47,20.93,20.8,20.44,20.4,20.54,19.73,18.38,17.96,16.7,14.08,11.67,8.95,9.46,17.31,32.18
REPSA,A29,1,G,48.66,-2.28,33.36,4.47,4.73,5.08,5.36,5.56,5.75,5.9,6.01,6.04,6.19,7.17,9.65,13.52,16.73,18.53,19.54,20.24,20.59,20.69,20.98,21.29,20.46,19.02,18.52,17.31,14.74,12.06,9.13,9.61,17.13,30.64
REPSA,A29,1,G,51.59,-6.1,37.69,4.43,4.67,5,5.31,5.57,5.85,6.07,6.21,6.27,6.49,7.73,10.77,15.71,20.04,22.57,23.76,24.11,23.67,22.94,22.75,22.87,21.76,20.02,19.44,18.23,15.48,12.48,9.3,9.76,17.98,34.08
REPSA,A29,1,G,55.43,-9.24,41.78,4.55,4.85,5.23,5.58,5.9,6.31,6.63,6.89,7.06,7.46,9.27,13.3,19.26,24.35,27.3,28.67,28.91,28.13,26.77,25.91,25.56,24.24,22.39,21.78,20.48,17.56,14.31,10.52,11.07,20.29,36.5
REPSA,A29,1,G,52.93,-0.69,38.19,4.34,4.57,5.05,5.61,6.03,6.35,6.56,6.74,6.78,6.99,8.23,11.27,15.91,19.86,22.15,23.36,24.12,24.69,25.13,25.83,26.53,25.95,24.57,24.14,22.82,19.79,16.41,12.23,12.71,22.47,37.96
REPSA,A29,1,G,51.28,-6.86,37.6,4.29,4.4,4.7,5.13,5.52,5.81,6,6.15,6.21,6.4,7.49,10.19,14.91,19.54,22.55,24.09,24.51,23.86,22.75,22.16,21.97,20.73,19.03,18.46,17.35,14.86,12.14,9.27,9.73,17.3,32.68
REPSA,A29,1,G,52.74,-7.52,38.34,4.44,4.64,5.01,5.46,5.85,6.19,6.42,6.59,6.67,6.9,8.18,11.26,16.37,21.13,24.15,25.64,25.97,25.22,24.03,23.39,23.17,21.97,20.28,19.72,18.44,15.72,12.94,9.89,10.36,18.53,34.48
REPSA,A29,1,G,52.6,-9.5,36.3,4.52,4.93,5.4,5.78,6.09,6.51,6.86,7.09,7.23,7.63,9.39,13.04,18,21.91,24.06,25.05,25.22,24.5,23.29,22.48,22.1,20.92,19.4,18.9,17.99,15.72,12.88,9.75,10.22,17.79,30.52
REPSA,A29,1,G,53.79,-7.12,39.74,4.63,4.98,5.4,5.71,5.93,6.2,6.41,6.59,6.63,6.9,8.42,12.12,17.72,22.38,25.01,26.25,26.57,26.08,25.19,24.73,24.59,23.47,21.85,21.34,19.94,16.98,13.95,10.5,11.17,20.56,35.91
REPSA,A29,3,RY,43.18,5.97,25.11,4.49,4.69,4.95,5.2,5.41,5.6,5.72,5.79,5.82,5.92,6.58,7.99,9.89,11.35,12.21,12.87,13.75,14.85,16.11,17.49,18.64,18.72,18.1,17.98,16.96,14.72,12.51,9.79,10.4,17.88,30.15
REPSA,A29,3,RY,37.06,18.72,17.78,4.17,4.22,4.41,4.72,4.97,5.09,5.11,5.12,5.06,4.99,5.11,5.48,6.08,6.52,6.77,7.03,7.65,8.89,11.02,14.02,17.05,18.64,18.87,19.16,18.51,16.4,13.86,10.68,10.94,18.21,30.83
REPSA,A29,3,RY,38.05,15.43,18.01,4.47,4.66,4.9,5.09,5.21,5.32,5.37,5.4,5.34,5.33,5.57,6.13,6.82,7.3,7.56,7.91,8.66,10.03,12.09,14.6,16.88,17.97,18,18.15,17.34,15.25,13.13,10.31,10.71,17.64,28.22
REPSA,A29,3,RY,39.88,18.48,20.72,4.33,4.52,4.83,5.13,5.32,5.43,5.48,5.51,5.46,5.43,5.72,6.42,7.29,7.9,8.25,8.63,9.38,10.68,12.68,15.51,18.65,20.82,21.85,22.74,22.48,20.58,17.94,14.13,14.43,22.77,34.38
REPSA,A29,3,RY,37,16.45,18.08,4.24,4.31,4.48,4.7,4.86,4.96,4.99,5,4.95,4.91,5.07,5.54,6.25,6.8,7.09,7.35,7.94,9.1,11.11,13.91,16.67,17.89,17.8,17.87,16.78,14.25,11.89,9.1,9.51,17.07,30.73
REPSA,A29,3,RY,53.59,-3.56,37.39,4.63,5.02,5.55,6.02,6.36,6.74,7.02,7.25,7.34,7.62,9.13,12.57,17.36,21.15,23.26,24.43,25.21,25.57,25.55,25.72,25.98,25.06,23.48,22.97,21.71,18.79,15.46,11.5,11.89,21.01,36.24
REPSA,A29,3,RY,52.8,-2.11,38.08,4.59,4.84,5.2,5.61,5.97,6.27,6.48,6.69,6.76,6.96,8.21,11.28,16.06,20.29,22.73,23.89,24.34,24.34,24.3,24.85,25.65,25.16,23.84,23.48,22.28,19.32,15.95,11.98,12.38,21.68,37.76
REPSA,A29,3,RY,42.12,14.35,23.3,4.6,4.89,5.19,5.38,5.5,5.65,5.72,5.79,5.73,5.74,6.21,7.26,8.53,9.38,9.84,10.35,11.33,12.97,15.3,18.17,20.76,21.73,21.38,21.37,20.28,17.65,14.79,11.23,11.66,20.27,34.34
REPSA,A29,3,RY,40.07,8.26,21.42,4.38,4.62,4.87,5.03,5.13,5.27,5.37,5.4,5.37,5.4,5.83,6.85,8.25,9.32,9.92,10.44,11.21,12.23,13.55,15.19,16.72,17.03,16.39,16.25,15.46,13.41,11.09,8.49,8.76,15.21,27.3
REPSA,A29,3,RY,37.25,22.39,18.67,4.17,4.27,4.48,4.71,4.87,4.95,4.97,4.97,4.9,4.82,4.94,5.32,5.81,6.13,6.31,6.58,7.24,8.54,10.85,14.3,18.07,20.39,21.16,21.79,21.26,18.92,15.86,11.96,12.26,20.85,34.68
REPSA,A29,3,RY,47.59,1.03,33.07,4.09,4.32,4.68,5,5.21,5.43,5.59,5.71,5.74,5.89,6.77,8.99,12.37,15.24,16.84,17.77,18.54,19.22,19.87,20.75,21.57,21.16,19.93,19.52,18.26,15.51,12.73,9.47,9.88,18.15,32.64
REPSA,A29,4,R,27.2,18.48,6.28,4.07,4.07,4.05,4.04,4.01,3.98,3.95,3.93,3.9,3.87,3.85,3.82,3.81,3.8,3.79,3.8,3.82,3.93,4.34,5.43,7.29,9.49,11.6,13.42,14.39,14.13,13.13,11.04,11.41,17.14,24.58
REPSA,A29,4,R,33.49,20.63,12.25,4.55,4.75,4.89,4.93,4.92,4.95,4.93,4.86,4.75,4.66,4.64,4.69,4.76,4.83,4.94,5.18,5.78,6.98,8.96,11.57,14.14,15.73,16.3,16.74,16.08,14.29,12.48,10.02,10.43,16.85,26.72
REPSA,A29,4,R,31.04,17.03,9.96,4.25,4.29,4.37,4.47,4.53,4.56,4.55,4.51,4.45,4.41,4.4,4.47,4.57,4.65,4.72,4.86,5.21,5.9,7.1,8.98,11.2,12.72,13.34,13.83,13.41,11.87,10.21,8.17,8.48,13.95,23.9
REPSA,A29,4,R,25.85,11.92,3.36,4.22,4.19,4.14,4.12,4.09,4.08,4.06,4.04,4.02,4.01,3.99,3.97,3.95,3.94,3.94,3.93,3.94,3.97,4.12,4.6,5.61,6.96,8.42,9.83,10.68,10.52,9.76,8.24,8.57,13.34,20.97
REPSA,A29,4,R,26.24,12.54,3.63,4.29,4.26,4.22,4.19,4.17,4.16,4.13,4.1,4.09,4.06,4.05,4.03,4.01,4.01,4,4,4.01,4.06,4.23,4.78,5.88,7.32,8.84,10.26,11.07,10.94,10.24,8.8,9.14,13.69,20.57
REPSA,A29,4,R,30.52,19.9,9.16,4.39,4.46,4.51,4.55,4.54,4.54,4.51,4.45,4.38,4.31,4.26,4.24,4.24,4.25,4.29,4.39,4.66,5.3,6.61,8.74,11.25,13.11,14.08,14.82,14.65,13.24,11.45,9.13,9.43,15.27,25
REPSA,A29,4,R,30.96,21.3,9.27,4.53,4.62,4.68,4.69,4.67,4.65,4.62,4.57,4.5,4.43,4.39,4.36,4.35,4.36,4.4,4.47,4.7,5.26,6.48,8.6,11.29,13.58,15.13,16.31,16.52,15.41,13.72,11.17,11.47,17.54,26.36
REPSA,A29,4,R,27.78,16.31,5.56,4.37,4.35,4.33,4.32,4.3,4.29,4.27,4.24,4.23,4.2,4.19,4.16,4.15,4.14,4.14,4.14,4.16,4.25,4.62,5.61,7.41,9.46,11.31,12.85,13.45,12.85,11.71,9.73,10.08,15.55,23.56
REPSA,A29,4,R,27.1,14.88,4.81,4.24,4.22,4.21,4.23,4.23,4.23,4.19,4.17,4.15,4.12,4.1,4.07,4.05,4.04,4.03,4.03,4.04,4.12,4.44,5.36,7.02,8.89,10.45,11.74,11.98,11.03,9.91,8.18,8.51,13.83,23.33
REPSA,A29,4,R,28.15,17.4,6.17,4.39,4.41,4.39,4.36,4.32,4.3,4.28,4.24,4.19,4.15,4.13,4.1,4.08,4.07,4.07,4.09,4.17,4.4,5.02,6.25,8.05,9.91,11.56,13.01,13.8,13.49,12.49,10.53,10.89,16.19,23.44
REPSA,A29,5,P,26.69,13.99,4.16,4.27,4.25,4.24,4.24,4.22,4.2,4.18,4.15,4.13,4.11,4.09,4.06,4.05,4.04,4.04,4.03,4.04,4.09,4.29,4.93,6.23,7.9,9.61,11.13,12.03,12.01,11.33,10.03,10.68,15.09,20.8
REPSA,A29,5,P,29.47,19.37,7.79,4.39,4.44,4.47,4.48,4.45,4.44,4.41,4.36,4.31,4.26,4.23,4.19,4.17,4.16,4.16,4.19,4.31,4.68,5.67,7.59,10.16,12.27,13.5,14.39,14.13,12.57,10.9,8.7,8.98,15.13,26.16
REPSA,A29,5,P,25.93,12.34,3.36,4.28,4.24,4.19,4.15,4.12,4.11,4.09,4.05,4.04,4.01,4,3.98,3.97,3.96,3.95,3.94,3.95,3.99,4.13,4.58,5.52,6.81,8.38,10.05,11.29,11.5,10.67,8.89,9.44,15.68,24.99
REPSA,A29,5,P,28.54,15.7,6.27,4.5,4.52,4.5,4.46,4.42,4.42,4.38,4.34,4.29,4.27,4.24,4.21,4.2,4.21,4.23,4.28,4.43,4.8,5.58,6.85,8.43,9.87,11.04,12.08,12.46,11.86,10.83,9.07,9.41,14.33,21.13
REPSA,A29,5,P,19.08,3.51,0.24,2.89,2.84,2.79,2.76,2.75,2.75,2.73,2.7,2.7,2.68,2.68,2.66,2.66,2.65,2.64,2.64,2.64,2.65,2.65,2.68,2.74,2.84,3.06,3.41,4.01,4.76,5.41,5.91,7.03,9.12,11.29
REPSA,A29,5,P,25.27,11.31,2.91,4.17,4.12,4.05,4.02,4,3.98,3.96,3.93,3.93,3.91,3.89,3.87,3.86,3.85,3.85,3.85,3.85,3.87,3.97,4.27,4.95,6,7.44,9.06,10.61,11.54,11.6,10.58,11.23,15.69,20.91
REPSA,A29,5,P,21.61,7.59,1.5,3.27,3.25,3.22,3.22,3.2,3.19,3.18,3.15,3.13,3.12,3.11,3.09,3.07,3.06,3.06,3.06,3.05,3.06,3.1,3.23,3.56,4.16,5.03,6,6.88,7.27,7.15,6.44,6.78,9.63,13.72
REPSA,A29,5,P,23.76,1.9,-0.16,4.25,4.19,4.13,4.1,4.07,4.06,4.05,4.02,4.02,3.99,3.99,3.97,3.97,3.96,3.95,3.94,3.95,3.94,3.94,3.95,3.96,4,4.11,4.34,4.86,5.59,6.22,6.43,7.09,9.57,12.99
REPSA,A29,5,P,23.18,3.16,0.25,3.95,3.91,3.87,3.84,3.83,3.82,3.81,3.77,3.79,3.76,3.75,3.74,3.74,3.73,3.72,3.72,3.72,3.72,3.72,3.74,3.77,3.83,4.05,4.49,5.35,6.46,7.29,7.51,8.51,12.59,18.41
REPSA,A29,5,P,25.23,10.26,2.49,4.2,4.17,4.13,4.09,4.07,4.05,4.02,3.99,3.99,3.94,3.92,3.91,3.89,3.88,3.88,3.88,3.89,3.91,4.06,4.41,5.06,5.97,7.16,8.44,9.62,10.37,10.43,9.74,10.3,13.23,16.24
REPSA,A24,4,R,58.4,-12.91,43.77,4.95,5.52,6.05,6.33,6.57,7.01,7.38,7.64,7.79,8.27,10.5,15.53,22.83,28.71,31.91,33.35,33.34,31.81,29.57,28.03,27.24,25.55,23.45,22.72,21.22,18.08,14.74,10.98,11.54,21.1,38.43
REPSA,A24,1,G,55.95,-8.82,41.79,4.47,4.84,5.42,5.92,6.26,6.6,6.87,7.09,7.18,7.47,9.1,13.02,19.2,24.61,27.87,29.49,29.87,29.04,27.58,26.65,26.25,24.8,22.88,22.22,20.92,17.99,14.69,11.02,11.4,20.31,36.93
REPSA,A24,1,G,60.97,-10.09,43.45,5.28,6.14,6.95,7.43,7.82,8.34,8.77,9.1,9.31,9.83,12.34,17.79,25.14,30.78,33.88,35.37,35.66,34.79,33.2,32.05,31.49,30.08,28.25,27.59,26.03,22.71,19.11,14.64,15.25,25.73,42.21
REPSA,A24,2,YG,44.06,5.39,25.57,4.57,4.84,5.19,5.46,5.66,5.84,5.96,6.02,6.03,6.1,6.74,8.26,10.37,12.02,12.93,13.62,14.5,15.61,16.85,18.24,19.42,19.39,18.54,18.27,17.12,14.69,12.36,9.6,10.03,17.21,30.14
REPSA,A24,2,YG,49.29,10.24,29.15,4.94,5.63,6.28,6.65,6.89,7.14,7.32,7.43,7.41,7.49,8.45,10.44,12.76,14.29,15.24,16.24,17.74,19.78,22.11,24.5,26.47,27.04,26.63,26.56,25.34,22.57,19.66,15.57,16.09,25.34,38.16
REPSA,A24,2,YG,49.74,-0.91,33.18,4.73,5.11,5.49,5.73,5.92,6.19,6.4,6.54,6.62,6.81,7.99,10.69,14.48,17.4,18.94,19.84,20.59,21.17,21.64,22.35,23.03,22.38,20.97,20.48,19.17,16.35,13.44,10.13,10.56,18.89,34.04
REPSA,A24,2,YG,52.75,1.61,34.58,4.8,5.34,5.97,6.43,6.78,7.14,7.41,7.64,7.74,7.99,9.38,12.41,16.33,19.25,20.82,21.83,22.81,23.84,24.87,26.1,27.2,26.92,25.75,25.39,24.1,21.11,17.8,13.63,14.03,23.48,38.55
REPSA,A24,2,YG,51.25,2.62,34.08,4.49,4.87,5.45,5.96,6.34,6.66,6.91,7.08,7.14,7.32,8.57,11.23,14.88,17.67,19.28,20.33,21.34,22.37,23.42,24.7,25.85,25.62,24.61,24.36,23.31,20.51,17.16,13.06,13.45,22.56,36.97
REPSA,A24,2,YG,48.58,3.83,29.66,4.71,5.22,5.77,6.12,6.38,6.65,6.84,6.98,7,7.15,8.22,10.5,13.33,15.31,16.39,17.3,18.42,19.73,21,22.25,23.27,23.11,22.2,21.9,20.71,18.15,15.46,12,12.43,20.62,33.54
REPSA,A24,2,YG,47.42,4.79,28.56,4.72,5.11,5.58,5.93,6.18,6.46,6.63,6.74,6.81,6.93,7.88,9.94,12.51,14.27,15.26,16.12,17.25,18.58,19.93,21.26,22.31,22.29,21.57,21.4,20.24,17.73,15.15,11.74,12.26,20.48,32.22
REPSA,A24,2,YG,56.68,1.13,37.89,4.75,5.37,6.22,7,7.59,8.06,8.4,8.75,8.84,9.14,10.97,14.84,19.79,23.35,25.19,26.1,26.77,27.54,28.51,30.01,31.57,31.66,30.75,30.57,29.63,26.74,22.71,17.48,17.71,28.03,43.21
REPSA,A24,2,YG,54.9,-6.11,40.67,4.49,4.78,5.25,5.75,6.14,6.47,6.73,6.93,7.03,7.31,8.78,12.3,17.85,22.77,25.81,27.41,28,27.67,26.83,26.33,26.18,25.04,23.41,22.87,21.47,18.4,15.28,11.58,12,20.92,36.66
REPSA,A24,2,YG,52.61,-3.97,34.61,4.88,5.44,6,6.34,6.62,7,7.3,7.51,7.63,7.94,9.54,12.88,17.22,20.46,22.21,23.25,23.95,24.28,24.23,24.27,24.44,23.61,22.25,21.78,20.59,17.94,14.97,11.4,11.86,20.18,33.67
REPSA,A24,3,RY,32,15.61,11.02,4.38,4.49,4.58,4.62,4.64,4.65,4.64,4.61,4.55,4.49,4.51,4.62,4.77,4.89,5,5.25,5.77,6.75,8.28,10.23,12.11,12.99,13.01,13.1,12.37,10.66,9.11,7.31,7.66,12.96,23.09
REPSA,A24,3,RY,35.96,12.25,16.15,4.48,4.64,4.76,4.8,4.86,4.92,4.96,4.97,4.96,4.97,5.22,5.77,6.47,6.97,7.3,7.65,8.19,9.03,10.26,11.88,13.56,14.57,15.06,15.6,15.23,13.74,12.02,9.75,10.52,17.03,26.4
REPSA,A24,3,RY,41.46,8.14,22.36,4.52,4.84,5.15,5.32,5.44,5.57,5.67,5.7,5.7,5.73,6.23,7.43,9,10.1,10.69,11.26,12.1,13.21,14.6,16.26,17.8,18.15,17.62,17.51,16.52,14.25,12.03,9.37,9.76,16.66,29.16
REPSA,A24,3,RY,34.94,19.83,14.16,4.49,4.68,4.87,4.96,5.02,5.06,5.07,5,4.93,4.81,4.85,4.99,5.19,5.29,5.44,5.8,6.57,7.97,10.13,12.85,15.44,16.79,17.05,17.27,16.46,14.41,12.41,9.83,10.23,16.87,28
REPSA,A24,3,RY,40.18,18.58,20.1,4.51,4.79,5.14,5.39,5.57,5.68,5.75,5.76,5.7,5.64,5.92,6.55,7.29,7.72,8,8.48,9.46,11.14,13.61,16.7,19.66,21.25,21.63,22.02,21.32,19.09,16.44,12.84,13.28,21.42,33.22
REPSA,A24,3,RY,38.03,10.12,18.58,4.54,4.73,4.91,5,5.07,5.16,5.22,5.22,5.19,5.17,5.44,6.1,7.03,7.71,8.18,8.79,9.81,11.16,12.73,14.36,15.66,15.74,15.04,14.79,13.76,11.71,9.9,7.86,8.24,14.19,26.14
REPSA,A24,3,RY,34.66,18.31,13.39,4.62,4.8,4.94,5,5.05,5.08,5.1,5.08,5.02,4.96,5.02,5.19,5.36,5.48,5.63,5.97,6.68,7.9,9.76,12.05,14.22,15.54,16.18,16.74,16.43,14.92,13.07,10.55,11.17,17.54,26.32
REPSA,A24,3,RY,40.06,20.4,18.89,4.76,5.13,5.51,5.71,5.84,5.92,5.98,5.97,5.85,5.76,5.95,6.42,6.93,7.21,7.45,7.96,9.06,11,13.86,17.28,20.38,21.89,22.04,22.23,21.46,19.18,16.49,12.9,13.15,20.82,32.62
REPSA,A24,3,RY,35.23,20.32,14.67,4.51,4.71,4.89,4.97,5.01,5.03,5.06,5.01,4.93,4.84,4.86,5.01,5.19,5.31,5.46,5.82,6.64,8.13,10.41,13.21,15.79,17.11,17.39,17.7,17.13,15.24,13.02,10.16,10.56,17.48,28.45
REPSA,A24,3,RY,40.24,14.42,20.02,4.76,5.11,5.39,5.49,5.58,5.67,5.75,5.77,5.69,5.66,5.96,6.67,7.52,8.13,8.56,9.19,10.34,12.12,14.34,16.7,18.68,19.38,19.05,19.04,18.09,15.83,13.49,10.46,10.77,18.08,30.12
REPSA,A24,4,R,34.55,21.46,14.46,4.39,4.55,4.71,4.8,4.85,4.85,4.85,4.8,4.72,4.64,4.65,4.77,4.95,5.07,5.18,5.45,6.11,7.42,9.65,12.61,15.52,17.19,17.66,18.03,17.32,15.24,13.04,10.14,10.51,17.5,28.52
REPSA,A24,4,R,28.75,17.2,6.61,4.35,4.38,4.43,4.44,4.46,4.41,4.4,4.35,4.32,4.27,4.24,4.21,4.2,4.19,4.18,4.22,4.32,4.6,5.37,6.88,8.99,10.85,12.12,13.04,13.04,11.91,10.64,8.8,9.1,14.06,22.33
REPSA,A24,4,R,30.47,18.51,8.49,4.3,4.41,4.55,4.63,4.67,4.65,4.63,4.57,4.51,4.44,4.4,4.42,4.45,4.45,4.45,4.53,4.76,5.31,6.49,8.45,10.83,12.61,13.6,14.31,14.01,12.61,11.1,9.07,9.4,14.8,23.83
REPSA,A24,4,R,31.35,20.57,10.03,4.32,4.41,4.53,4.62,4.66,4.65,4.63,4.59,4.5,4.43,4.38,4.36,4.37,4.39,4.42,4.54,4.85,5.6,7.14,9.53,12.22,14.12,14.98,15.6,15.14,13.43,11.73,9.39,9.68,15.69,25.7
REPSA,A24,4,R,30.43,18.39,8.04,4.62,4.71,4.75,4.75,4.74,4.71,4.69,4.63,4.55,4.48,4.42,4.39,4.39,4.4,4.44,4.57,4.87,5.49,6.67,8.35,10.31,11.97,13.2,14.27,14.43,13.44,12.2,10.14,10.51,16.32,25.37
REPSA,A24,4,R,30.49,20.54,9.44,4.29,4.33,4.4,4.46,4.49,4.46,4.44,4.4,4.34,4.29,4.24,4.22,4.22,4.24,4.24,4.31,4.53,5.09,6.41,8.7,11.46,13.5,14.5,15.2,14.92,13.38,11.61,9.19,9.39,15.07,24.49
REPSA,A24,4,R,26.91,11.7,4.51,4.24,4.25,4.23,4.22,4.22,4.19,4.19,4.17,4.15,4.15,4.13,4.11,4.13,4.14,4.16,4.2,4.29,4.46,4.84,5.51,6.51,7.62,8.74,9.74,10.36,10.31,9.87,8.83,9.31,12.64,16.73
REPSA,A24,4,R,30.58,22.7,9.79,4.28,4.35,4.43,4.46,4.46,4.42,4.4,4.35,4.28,4.21,4.15,4.12,4.12,4.11,4.11,4.16,4.35,4.87,6.21,8.61,11.64,14.11,15.62,16.68,16.55,14.99,13.15,10.41,10.74,17.33,27.09
REPSA,A24,4,R,30.47,21.03,8.89,4.39,4.47,4.55,4.58,4.6,4.57,4.54,4.49,4.41,4.33,4.27,4.24,4.23,4.23,4.24,4.32,4.53,5.07,6.28,8.39,11.07,13.3,14.72,15.75,15.7,14.29,12.59,10.11,10.45,16.6,25.93
REPSA,A24,4,R,26.35,13.07,3.88,4.25,4.23,4.2,4.17,4.17,4.13,4.13,4.1,4.08,4.06,4.04,4.01,4.01,4,3.99,4,4.02,4.11,4.36,4.88,5.82,7.06,8.64,10.31,11.73,12.32,12.05,10.84,11.93,16.94,22.45
REPSA,A24,5,P,24.91,6.48,1.28,4.3,4.26,4.21,4.19,4.19,4.15,4.15,4.12,4.11,4.1,4.08,4.06,4.06,4.06,4.05,4.04,4.05,4.05,4.08,4.17,4.46,4.99,5.88,6.97,8.06,8.62,8.61,7.79,8.22,11.86,16.89
REPSA,A24,5,P,24.71,6.71,1.11,4.26,4.22,4.18,4.16,4.16,4.13,4.12,4.09,4.07,4.05,4.02,4.01,4.01,3.99,3.98,3.98,3.97,3.97,4,4.07,4.35,4.91,5.86,7.06,8.14,8.6,8.53,7.65,8.03,12.12,18.82
REPSA,A24,5,P,25.28,9.69,2.38,4.18,4.15,4.12,4.1,4.1,4.08,4.07,4.03,4.03,4,3.99,3.96,3.97,3.96,3.95,3.94,3.95,3.96,4.04,4.27,4.87,5.88,7.21,8.62,9.71,10.01,9.73,8.62,9.02,13.02,18.88
REPSA,A24,5,P,23.97,4.03,0.51,4.15,4.11,4.06,4.03,4.03,4.01,4,3.97,3.97,3.95,3.94,3.92,3.92,3.92,3.9,3.9,3.91,3.9,3.92,3.94,4.04,4.26,4.72,5.43,6.32,7.01,7.34,7.02,7.55,10.62,15.05
REPSA,A24,5,P,25.9,11.41,3.16,4.22,4.21,4.19,4.16,4.15,4.13,4.12,4.08,4.07,4.06,4.04,4.02,4.02,4.01,4,3.99,3.99,4.02,4.15,4.57,5.48,6.78,8.26,9.68,10.57,10.52,9.94,8.56,8.94,13.33,19.8
REPSA,A24,5,P,25.68,9.4,2.38,4.33,4.29,4.26,4.23,4.23,4.2,4.19,4.17,4.14,4.14,4.11,4.09,4.08,4.09,4.08,4.08,4.08,4.1,4.21,4.49,5.11,6.05,7.27,8.57,9.61,9.96,9.7,8.63,9.09,13.07,18.49
REPSA,A24,5,P,22.14,5.38,1.08,3.5,3.46,3.42,3.4,3.41,3.38,3.38,3.36,3.36,3.35,3.35,3.34,3.34,3.33,3.32,3.32,3.33,3.32,3.34,3.37,3.5,3.77,4.35,5.22,6.33,7.27,7.77,7.51,8.13,11.26,15.46
REPSA,A24,5,P,24.89,7.73,1.71,4.19,4.15,4.12,4.1,4.09,4.07,4.07,4.04,4.03,4.02,4.02,3.99,3.99,3.99,3.98,3.98,3.99,3.98,4,4.08,4.37,4.98,6.07,7.44,8.92,9.91,10.18,9.36,10.05,14.53,20.32
REPSA,A24,5,P,25.52,10.69,2.7,4.23,4.2,4.16,4.12,4.12,4.09,4.08,4.05,4.05,4.03,4.01,3.99,3.99,3.99,3.97,3.96,3.96,3.97,4.04,4.27,4.95,6.09,7.64,9.3,10.56,10.89,10.53,9.21,9.63,14.15,20.59
REPSA,A24,5,P,23.88,4.18,0.54,4.12,4.07,4.03,4,3.99,3.97,3.97,3.94,3.93,3.92,3.91,3.89,3.89,3.88,3.87,3.87,3.87,3.86,3.88,3.9,3.99,4.22,4.7,5.43,6.36,7.14,7.56,7.29,7.89,11.09,15.57
REPSA,A54,1,G,53.35,-12.77,36.25,4.93,5.42,5.88,6.14,6.39,6.83,7.19,7.35,7.55,7.95,9.71,13.51,19.07,23.55,25.95,26.97,26.82,25.37,23.43,22.12,21.45,20.09,18.42,17.82,16.43,13.88,11.62,9.18,9.73,17.09,32.13
REPSA,A54,1,G,47.02,-13.52,32.22,4.53,4.62,4.78,4.96,5.12,5.33,5.5,5.6,5.64,5.87,6.85,9.3,13.68,17.94,20.45,21.51,21.17,19.37,17.21,15.87,15.21,13.99,12.57,12.08,11.15,9.43,7.93,6.58,7.02,12,25.55
REPSA,A54,1,G,54.36,-10.74,38.93,4.5,4.86,5.39,5.85,6.2,6.62,6.95,7.16,7.3,7.68,9.41,13.3,19.04,23.84,26.53,27.74,27.82,26.74,25.12,24.04,23.51,22.21,20.49,19.89,18.42,15.54,12.89,9.89,10.34,18.45,34.01
REPSA,A54,1,G,53.05,-13,36.86,4.67,4.98,5.41,5.81,6.16,6.58,6.91,7.11,7.27,7.64,9.27,12.86,18.37,23.12,25.84,27.06,26.91,25.28,23.13,21.72,21,19.6,17.91,17.34,16.08,13.7,11.43,9.03,9.49,16.52,31.51
REPSA,A54,1,G,50.78,-8.32,35.02,4.4,4.56,4.94,5.43,5.86,6.19,6.41,6.59,6.7,7,8.29,11.24,15.77,19.73,22.12,23.38,23.69,22.95,21.73,20.84,20.41,19.52,18.3,17.87,16.39,13.91,12.04,9.72,10.23,17.35,30.58
REPSA,A54,1,G,56.84,-9.05,40.74,4.75,5.31,5.99,6.46,6.81,7.22,7.55,7.82,7.93,8.32,10.25,14.6,20.82,25.85,28.65,30.03,30.37,29.65,28.35,27.44,27.01,25.75,24.02,23.43,21.85,18.61,15.52,11.86,12.37,21.49,37.31
REPSA,A54,2,YG,51.76,-5.36,36.24,4.39,4.63,5.07,5.55,5.93,6.3,6.55,6.73,6.8,7.06,8.4,11.43,15.98,19.82,22.12,23.42,24.02,23.87,23.3,23.08,23.1,22.11,20.56,20.05,18.69,15.86,13.15,10.1,10.52,18.49,33.86
REPSA,A54,2,YG,45.87,-5.09,29.36,4.41,4.53,4.78,5.1,5.37,5.62,5.78,5.88,5.95,6.1,6.96,9.01,12.34,15.28,16.98,17.85,18.21,17.95,17.45,17.25,17.26,16.5,15.31,14.89,13.75,11.68,9.96,8.08,8.51,14.4,27.41
REPSA,A54,2,YG,55.19,-6.62,38.38,4.66,5.06,5.64,6.23,6.75,7.19,7.52,7.78,7.88,8.22,9.97,13.78,19.14,23.45,25.93,27.23,27.76,27.47,26.73,26.27,26.11,25.13,23.66,23.18,21.6,18.52,15.73,12.28,12.81,21.53,36.46
REPSA,A54,2,YG,53.14,-7.62,36.45,4.73,5.21,5.77,6.12,6.36,6.73,7.02,7.23,7.35,7.7,9.29,12.88,17.94,21.97,24.12,25.16,25.49,25.09,24.26,23.72,23.51,22.47,20.93,20.41,18.97,16.12,13.43,10.31,10.79,18.89,33.29
REPSA,A54,2,YG,45.34,0.46,27.72,4.51,4.74,5.09,5.38,5.57,5.81,5.97,6.06,6.09,6.21,6.92,8.64,11.3,13.66,15.05,15.97,16.77,17.3,17.66,18.24,18.83,18.38,17.26,16.88,15.65,13.28,11.17,8.82,9.26,15.95,29.85
REPSA,A54,2,YG,49.97,-4.79,33.11,4.62,4.94,5.36,5.7,5.98,6.32,6.56,6.69,6.77,7.03,8.27,10.99,14.95,18.22,20.1,21.26,21.96,21.97,21.54,21.31,21.29,20.48,19.15,18.69,17.08,14.25,12.08,9.47,10.01,17.87,33.31
REPSA,A54,2,YG,47.58,-7.67,31.14,4.42,4.58,4.88,5.23,5.55,5.85,6.06,6.18,6.27,6.46,7.45,9.85,13.71,17.13,19.07,20.02,20.23,19.63,18.67,18.08,17.82,16.88,15.56,15.11,14,11.94,10.12,8.16,8.6,14.52,27.2
REPSA,A54,2,YG,47.4,-0.03,28.78,4.67,4.97,5.39,5.76,6.07,6.39,6.6,6.71,6.77,6.92,7.88,9.99,13.01,15.39,16.71,17.55,18.28,18.78,19.19,19.9,20.63,20.22,19.09,18.73,17.48,14.98,12.67,9.98,10.42,17.69,31.8
REPSA,A54,3,RY,39.54,5.8,19.46,4.56,4.76,5.03,5.23,5.37,5.52,5.62,5.64,5.63,5.65,6.04,6.94,8.22,9.24,9.87,10.5,11.38,12.38,13.39,14.46,15.33,15.24,14.53,14.31,13.33,11.48,9.92,8.19,8.58,13.94,25.29
REPSA,A54,3,RY,38.9,14.77,17.39,4.78,5.11,5.42,5.58,5.67,5.8,5.88,5.85,5.75,5.67,5.86,6.33,6.95,7.39,7.75,8.37,9.53,11.26,13.37,15.61,17.49,18.09,17.74,17.72,16.82,14.75,12.64,10.11,10.44,16.88,28.65
REPSA,A54,3,RY,36.5,11.7,16.76,4.46,4.58,4.74,4.87,4.94,5.02,5.07,5.06,5.02,4.97,5.14,5.57,6.23,6.79,7.22,7.77,8.72,10.06,11.66,13.37,14.8,15.07,14.47,14.3,13.26,11.22,9.55,7.69,8.1,13.97,26.81
REPSA,A54,3,RY,38.08,12.37,17.48,4.42,4.59,4.89,5.17,5.34,5.47,5.53,5.55,5.49,5.46,5.68,6.25,7.02,7.61,7.97,8.44,9.31,10.63,12.36,14.32,16.07,16.65,16.32,16.32,15.36,13.32,11.45,9.25,9.62,15.77,27.54
REPSA,A54,3,RY,41.1,18.09,20.23,4.72,5.1,5.5,5.74,5.87,6.02,6.09,6.11,6,5.93,6.2,6.84,7.56,8.06,8.45,9.04,10.19,12.07,14.64,17.65,20.41,21.79,22.01,22.36,21.53,19.14,16.51,12.93,13.29,21.49,33.87
REPSA,A54,4,R,26.35,13.4,3.81,4.26,4.21,4.18,4.17,4.17,4.16,4.14,4.12,4.11,4.08,4.06,4.05,4.05,4.03,4.02,4.02,4.02,4.04,4.15,4.57,5.58,7.15,9.09,11.02,12.27,12.47,12.04,10.72,11.45,16.31,22.6
REPSA,A54,4,R,28.87,18.91,7.37,4.35,4.36,4.36,4.35,4.33,4.31,4.29,4.24,4.21,4.15,4.13,4.11,4.11,4.09,4.09,4.12,4.21,4.51,5.28,6.86,9.19,11.4,13,14.27,14.27,12.85,11.29,9.07,9.46,15.88,26.89
REPSA,A54,4,R,26.26,13.1,3.97,4.2,4.18,4.16,4.14,4.13,4.1,4.08,4.05,4.04,3.99,3.97,3.95,3.95,3.92,3.91,3.91,3.92,3.99,4.28,5.05,6.44,7.96,9.24,10.3,10.55,9.83,8.86,7.48,7.78,12.08,19.72
REPSA,A54,4,R,29.57,18.62,7.78,4.38,4.44,4.5,4.52,4.5,4.48,4.45,4.39,4.33,4.26,4.2,4.17,4.16,4.15,4.16,4.23,4.44,4.97,6.12,7.99,10.2,11.87,12.86,13.68,13.52,12.24,10.75,8.82,9.19,14.62,24.2
REPSA,A54,4,R,27.41,15.52,5.42,4.29,4.28,4.26,4.24,4.23,4.21,4.18,4.14,4.11,4.06,4.04,4.02,4.01,3.99,3.98,3.99,4.06,4.25,4.82,5.97,7.63,9.25,10.58,11.71,11.9,11.08,10.06,8.53,9.05,13.85,20.85
REPSA,A54,4,R,28.45,16.98,6.89,4.36,4.38,4.37,4.33,4.29,4.27,4.25,4.19,4.14,4.08,4.04,4.02,4.02,4.01,4.02,4.07,4.25,4.69,5.62,7.13,9,10.53,11.53,12.38,12.32,11.22,10.03,8.35,8.7,13.78,22.57
REPSA,A54,4,R,30.4,21.44,9.07,4.57,4.62,4.62,4.58,4.53,4.5,4.46,4.4,4.33,4.26,4.21,4.17,4.15,4.15,4.16,4.22,4.43,5.03,6.36,8.55,11.18,13.32,14.7,15.77,15.71,14.38,12.8,10.46,10.83,16.98,26.37
REPSA,A54,4,R,26.97,15.7,4.85,4.26,4.23,4.2,4.19,4.18,4.16,4.14,4.12,4.1,4.08,4.06,4.05,4.04,4.02,4.02,4.01,4.02,4.06,4.26,4.9,6.28,8.23,10.41,12.5,13.67,13.46,12.63,10.73,11.19,17.19,26.04
REPSA,A54,4,R,26.95,15.38,4.6,4.26,4.22,4.2,4.21,4.22,4.21,4.19,4.17,4.15,4.13,4.1,4.08,4.07,4.05,4.05,4.05,4.04,4.09,4.29,4.86,6.11,7.91,10.08,12.28,13.75,13.91,13.21,11.41,11.81,17.56,27.01
REPSA,A54,4,R,30.3,21.84,9.01,4.37,4.41,4.46,4.5,4.5,4.49,4.45,4.41,4.35,4.29,4.24,4.21,4.19,4.18,4.18,4.22,4.34,4.75,5.87,8.1,11.09,13.66,15.25,16.38,16.06,14.32,12.68,10.32,10.7,17.13,27.42
REPSA,A54,5,P,25.23,6.62,1.64,4.31,4.26,4.23,4.22,4.21,4.19,4.18,4.17,4.15,4.14,4.13,4.12,4.11,4.1,4.1,4.1,4.1,4.12,4.21,4.42,4.87,5.55,6.38,7.29,7.76,7.54,7.09,6.3,6.71,10.4,17.17
REPSA,A54,5,P,24.39,5.07,0.9,4.21,4.16,4.11,4.09,4.09,4.07,4.05,4.03,4.03,4,3.99,3.98,3.98,3.96,3.96,3.96,3.95,3.96,4,4.1,4.34,4.74,5.34,6.09,6.79,7.14,7.14,6.66,7.13,10.67,17.16
REPSA,A54,5,P,25.28,9.91,2.36,4.25,4.2,4.16,4.12,4.1,4.08,4.06,4.04,4.03,3.99,3.98,3.97,3.97,3.95,3.94,3.93,3.94,3.94,4.02,4.27,4.87,5.84,7.2,8.73,9.9,10.24,9.92,8.8,9.22,13.77,21.15
REPSA,A54,5,P,24.74,6.02,0.95,4.29,4.24,4.21,4.2,4.19,4.17,4.15,4.13,4.12,4.09,4.08,4.07,4.06,4.05,4.04,4.04,4.03,4.03,4.05,4.1,4.24,4.58,5.34,6.53,7.95,9.01,9.38,8.78,9.45,14.27,21.83
REPSA,A29,1,G,56.34,-11.53,40.98,4.52,4.96,5.59,6.11,6.47,6.93,7.31,7.5,7.62,8.11,10.07,14.44,20.75,25.95,28.88,30.33,30.49,29.22,27.3,25.95,25.27,23.9,22.11,21.48,19.84,16.75,13.88,10.61,11.18,20.23,36.68
REPSA,A29,1,G,47.7,-8.62,33.52,4.51,4.61,4.82,5.04,5.19,5.35,5.46,5.54,5.57,5.74,6.51,8.69,12.8,17,19.75,21.19,21.47,20.51,19.01,18,17.49,16.4,14.98,14.52,13.32,11.1,9.26,7.37,7.89,14.24,28.23
REPSA,A29,2,YG,55.96,-5.56,41.59,4.68,5.06,5.6,6.06,6.39,6.66,6.87,7.1,7.17,7.49,9.09,12.96,18.78,23.7,26.7,28.36,29.08,28.89,28.15,27.6,27.38,26.5,25.14,24.69,22.96,19.78,16.86,13,13.52,23.34,38.48
REPSA,A29,2,YG,49.04,-3.39,33.02,4.47,4.63,5.01,5.45,5.79,6.02,6.14,6.28,6.36,6.58,7.58,10.08,13.94,17.24,19.25,20.39,20.95,20.95,20.64,20.41,20.4,20,19.25,19.04,17.53,15.03,13.27,10.84,11.55,19.41,31.65
REPSA,A29,2,YG,56.44,-3.03,38.1,4.56,4.94,5.67,6.5,7.26,7.89,8.36,8.67,8.77,9.27,11.18,14.96,19.85,23.67,25.88,27.17,27.95,28.34,28.46,28.76,29.17,28.58,27.33,27.01,25.77,22.84,19.5,15.14,15.57,25.5,40.64
REPSA,A29,3,RY,31.48,16.13,10.06,4.5,4.55,4.61,4.65,4.65,4.66,4.64,4.61,4.56,4.51,4.53,4.62,4.75,4.82,4.9,5.07,5.47,6.26,7.6,9.43,11.38,12.59,13.08,13.59,13.05,11.41,9.82,7.88,8.29,14.19,25.62
REPSA,A29,3,RY,40.24,13.95,19.85,4.67,4.88,5.18,5.46,5.63,5.74,5.79,5.84,5.77,5.78,6.05,6.76,7.68,8.46,8.93,9.45,10.34,11.82,13.82,16.07,18.1,19.15,19.29,19.54,18.44,16.14,14.27,11.55,11.95,19.31,30.85
REPSA,A29,3,RY,42.35,10.9,23.99,4.59,4.8,5.08,5.29,5.43,5.55,5.64,5.69,5.67,5.71,6.23,7.4,8.96,10.09,10.79,11.41,12.3,13.57,15.28,17.41,19.47,20.24,19.98,20.07,19.09,16.59,13.88,10.6,11.05,19.15,33.14
REPSA,A29,4,R,27.59,16.68,5.14,4.41,4.4,4.39,4.36,4.34,4.31,4.28,4.25,4.22,4.19,4.16,4.14,4.12,4.1,4.09,4.09,4.1,4.18,4.5,5.37,6.99,9.01,11.07,12.93,14.06,14.08,13.27,11.42,11.8,16.84,23.56
REPSA,A29,4,R,25.8,10.86,2.72,4.33,4.28,4.23,4.21,4.19,4.18,4.16,4.14,4.13,4.11,4.09,4.08,4.07,4.06,4.05,4.04,4.03,4.04,4.1,4.36,5.04,6.19,7.75,9.41,10.76,11.37,11.23,10.18,10.82,15.09,20.59
REPSA,A29,4,R,26.83,14.43,4.13,4.4,4.35,4.32,4.29,4.27,4.25,4.22,4.19,4.19,4.15,4.13,4.12,4.12,4.1,4.09,4.09,4.09,4.12,4.26,4.77,5.94,7.63,9.65,11.58,13,13.54,13.21,11.9,12.51,16.72,21.61
REPSA,A29,4,R,26.3,12.94,3.38,4.37,4.32,4.28,4.26,4.24,4.22,4.19,4.17,4.16,4.13,4.1,4.09,4.08,4.06,4.05,4.05,4.04,4.06,4.18,4.57,5.44,6.79,8.57,10.54,12.2,12.96,12.74,11.32,11.9,17.02,23.81
REPSA,A29,4,R,26.64,13.52,3.86,4.37,4.32,4.29,4.27,4.25,4.24,4.22,4.2,4.18,4.16,4.13,4.12,4.11,4.1,4.09,4.1,4.09,4.13,4.29,4.76,5.8,7.33,9.18,11.05,12.42,12.85,12.47,10.98,11.41,16.18,22.37
REPSA,A29,4,R,26.03,12.18,3.22,4.31,4.26,4.22,4.19,4.17,4.16,4.14,4.12,4.12,4.08,4.07,4.06,4.06,4.05,4.04,4.05,4.05,4.07,4.15,4.39,5.03,6.16,7.86,9.87,11.88,13.39,13.95,13.3,14.17,18.74,23.96
REPSA,A29,4,R,27.2,15.15,4.18,4.5,4.45,4.41,4.4,4.38,4.36,4.33,4.31,4.29,4.27,4.24,4.23,4.22,4.2,4.2,4.19,4.18,4.2,4.33,4.75,5.79,7.5,9.84,12.38,14.46,15.37,15.03,13.28,13.84,19.61,27.21
REPSA,A29,4,R,29.52,15.24,7.42,4.48,4.51,4.53,4.53,4.52,4.52,4.5,4.46,4.41,4.36,4.34,4.34,4.36,4.37,4.4,4.52,4.8,5.4,6.45,7.93,9.58,10.75,11.37,12,11.74,10.54,9.32,7.73,8.13,13.25,22.77
REPSA,A29,4,R,27.96,18.79,6.18,4.31,4.27,4.27,4.26,4.26,4.24,4.22,4.18,4.16,4.13,4.1,4.09,4.08,4.06,4.05,4.05,4.06,4.14,4.49,5.45,7.27,9.58,12.02,14.29,15.92,16.33,15.4,13.17,13.48,18.98,26.25
REPSA,A29,4,R,28.05,18.09,5.79,4.28,4.28,4.32,4.35,4.36,4.35,4.32,4.3,4.27,4.23,4.2,4.19,4.17,4.16,4.16,4.16,4.18,4.28,4.6,5.4,6.93,9.02,11.5,14.04,16.04,16.81,16.32,14.32,14.93,21.31,29.74
REPSA,A29,5,P,24,4.1,0.42,4.19,4.14,4.1,4.06,4.05,4.04,4.02,3.98,4,3.95,3.94,3.94,3.94,3.92,3.91,3.91,3.9,3.91,3.92,3.95,4.05,4.22,4.63,5.29,6.23,7.25,7.92,8.04,8.9,11.6,14.76
REPSA,A29,5,P,24.22,2.72,0.1,4.3,4.24,4.2,4.19,4.17,4.16,4.14,4.13,4.11,4.1,4.08,4.07,4.06,4.05,4.04,4.05,4.04,4.04,4.05,4.07,4.12,4.22,4.44,4.86,5.52,6.29,6.79,6.83,7.53,10.36,14.49
REPSA,A29,5,P,24.33,4.25,0.51,4.28,4.22,4.17,4.15,4.13,4.12,4.1,4.08,4.08,4.06,4.04,4.03,4.03,4.02,4.01,4,3.99,3.99,4,4.03,4.14,4.36,4.79,5.5,6.47,7.49,8.15,8.25,9.2,12.28,16.07
REPSA,A29,5,P,23.49,1.87,-0.12,4.15,4.09,4.04,4,3.99,3.97,3.96,3.93,3.95,3.9,3.89,3.89,3.89,3.87,3.87,3.87,3.86,3.87,3.86,3.87,3.91,3.95,4.09,4.34,4.79,5.32,5.71,5.76,6.36,8.75,12.4
REPSA,A29,5,P,24.83,6.41,1.17,4.27,4.23,4.2,4.19,4.18,4.16,4.14,4.12,4.11,4.07,4.06,4.05,4.04,4.03,4.01,4.01,4.01,4.01,4.05,4.19,4.55,5.13,5.94,6.92,7.71,7.99,7.75,6.97,7.32,11.11,18.54
REPSA,A29,5,P,23.72,2.24,-0.17,4.22,4.16,4.11,4.08,4.07,4.06,4.04,4.01,4.01,3.97,3.96,3.95,3.94,3.93,3.92,3.92,3.91,3.91,3.92,3.94,3.97,4.02,4.16,4.48,5.06,5.76,6.2,6.13,6.69,9.67,14.58
REPSA,A29,5,P,23.66,1.56,-0.27,4.23,4.16,4.11,4.08,4.07,4.05,4.03,4.01,4.01,3.98,3.97,3.96,3.96,3.94,3.94,3.93,3.92,3.92,3.92,3.93,3.95,3.97,4.05,4.24,4.62,5.2,5.66,5.79,6.44,9.07,13.21
REPSA,A29,5,P,24,3.2,0.11,4.22,4.16,4.12,4.11,4.11,4.09,4.08,4.05,4.05,4.02,4,3.99,3.99,3.96,3.96,3.96,3.95,3.95,3.96,3.98,4.04,4.13,4.34,4.8,5.63,6.74,7.59,7.83,8.72,12.09,16.9
REPSA,A29,5,P,24.18,1.41,-0.29,4.4,4.33,4.28,4.25,4.23,4.22,4.19,4.18,4.17,4.15,4.13,4.12,4.12,4.11,4.1,4.1,4.09,4.09,4.09,4.09,4.12,4.13,4.18,4.29,4.57,5.14,5.83,6.42,7.44,10.06,13.79
REPSA,A29,5,P,24.41,4.62,0.54,4.27,4.21,4.18,4.16,4.15,4.15,4.13,4.1,4.1,4.07,4.05,4.05,4.04,4.02,4.01,4,4,4,4.02,4.06,4.17,4.39,4.87,5.69,6.79,7.81,8.31,8,8.79,13.21,20.2
REPSA,A11,1,G,48.8,-12.07,33.6,4.68,4.86,5.06,5.23,5.37,5.63,5.85,5.96,6.1,6.43,7.77,10.76,15.31,19.2,21.36,22.29,22.13,20.8,19.07,17.92,17.33,16.21,14.83,14.35,13.22,11.2,9.38,7.5,8.03,13.99,26.12
REPSA,A11,1,G,52.9,-11.29,37.5,4.54,4.76,5.17,5.61,5.99,6.39,6.66,6.86,7.05,7.4,8.96,12.42,17.75,22.45,25.24,26.5,26.48,25.18,23.39,22.17,21.54,20.26,18.68,18.13,16.91,14.58,12.22,9.53,9.99,16.96,30.17
REPSA,A11,1,G,52.43,-7.84,36.48,4.37,4.48,4.86,5.48,6.11,6.57,6.84,7.06,7.19,7.46,8.81,11.82,16.57,20.97,23.77,25.13,25.37,24.64,23.48,22.73,22.38,21.35,19.94,19.42,18.21,15.93,13.64,10.79,11.16,18.16,30.92
REPSA,A11,1,G,52.01,-10.61,36.27,4.61,4.89,5.28,5.62,5.89,6.29,6.59,6.76,6.89,7.33,9.03,12.54,17.55,21.66,23.91,24.96,25,23.91,22.4,21.44,21.01,19.93,18.48,17.97,16.56,13.98,11.74,9.19,9.76,17.33,31.71
REPSA,A11,1,G,50.04,-11.16,35.28,4.48,4.67,4.99,5.3,5.55,5.79,5.95,6.09,6.22,6.5,7.7,10.56,15.33,19.75,22.45,23.75,23.76,22.4,20.58,19.33,18.68,17.56,16.16,15.62,14.17,11.91,10.19,8.25,8.82,15.15,28.34
REPSA,A11,1,G,53.18,-10.94,37.43,4.5,4.66,5.06,5.61,6.14,6.56,6.88,7.1,7.19,7.57,9.14,12.49,17.67,22.44,25.42,26.88,26.95,25.59,23.72,22.49,21.87,20.61,19.03,18.47,17.29,15,12.7,10.09,10.5,17.44,31.48
REPSA,A11,1,G,49.49,-8.65,35.39,4.44,4.48,4.67,4.99,5.33,5.62,5.77,5.9,6.02,6.24,7.25,9.76,14.13,18.46,21.32,22.76,22.97,22.04,20.63,19.64,19.12,18.07,16.7,16.19,14.98,12.78,10.81,8.52,8.99,15.4,27.62
REPSA,A11,1,G,51.7,-10.76,35.3,4.69,4.99,5.41,5.77,6.05,6.42,6.7,6.87,7.04,7.38,8.87,12.12,17.03,21.3,23.77,24.89,24.89,23.73,22.12,21.04,20.52,19.35,17.85,17.29,16.04,13.75,11.57,9.09,9.54,16.18,29.06
REPSA,A11,1,G,54.32,-11,40.41,4.53,4.67,4.98,5.41,5.86,6.26,6.55,6.77,6.86,7.25,8.94,12.64,18.35,23.55,26.77,28.27,28.34,27.05,25.2,23.92,23.25,21.9,20.19,19.58,18.26,15.69,13.09,10.1,10.53,18.28,32.5
REPSA,A11,2,YG,47.94,-5.28,29.7,4.84,5.14,5.5,5.77,5.99,6.31,6.51,6.65,6.79,7.04,8.17,10.59,14.08,16.97,18.6,19.45,19.78,19.53,19.06,18.88,18.92,18.26,17.14,16.75,15.57,13.43,11.52,9.25,9.67,15.94,27.97
REPSA,A11,2,YG,49.11,-7.89,31.47,4.66,5.02,5.45,5.77,6.02,6.33,6.55,6.69,6.86,7.13,8.42,11.13,15.12,18.48,20.4,21.31,21.45,20.79,19.84,19.25,19,18.13,16.94,16.51,15.41,13.39,11.48,9.24,9.71,15.69,26.66
REPSA,A11,2,YG,46.81,-3.11,27.77,4.67,5.03,5.47,5.8,6.05,6.34,6.54,6.67,6.79,6.98,8.04,10.24,13.32,15.77,17.11,17.79,18.14,18.17,18.11,18.32,18.63,18.17,17.22,16.87,15.83,13.84,11.94,9.58,9.94,15.84,26.2
REPSA,A11,2,YG,42.6,2.75,20.74,4.79,5.12,5.54,5.88,6.14,6.39,6.54,6.65,6.71,6.86,7.58,8.95,10.61,11.8,12.49,13.01,13.55,14.13,14.78,15.57,16.32,16.46,16.17,16.2,15.56,14.12,12.56,10.44,10.81,16.03,23.85
REPSA,A11,2,YG,44.29,0.61,25.33,4.64,4.95,5.29,5.52,5.7,5.94,6.08,6.16,6.25,6.39,7.21,8.97,11.43,13.36,14.42,15,15.39,15.65,16,16.68,17.49,17.52,16.95,16.85,15.87,13.88,12,9.57,9.96,16.22,26.89
REPSA,A11,2,YG,45.91,-1.61,27.11,4.46,4.73,5.17,5.59,5.9,6.17,6.36,6.48,6.54,6.71,7.65,9.67,12.51,14.84,16.12,16.76,17.1,17.23,17.38,17.81,18.33,18.03,17.17,16.88,15.91,14,12.09,9.69,9.97,15.78,25.97
REPSA,A11,2,YG,42.96,1.53,22.64,4.55,4.85,5.26,5.57,5.8,6.07,6.23,6.31,6.39,6.53,7.33,8.94,10.94,12.36,13.06,13.49,13.93,14.42,15.04,15.87,16.68,16.69,16.13,15.97,15.03,13.19,11.5,9.32,9.7,15.36,24.93
REPSA,A11,2,YG,50.63,-8.64,33.61,4.84,5.16,5.53,5.8,6.04,6.39,6.64,6.82,7.01,7.33,8.78,11.87,16.31,19.94,21.98,22.92,23.05,22.35,21.29,20.63,20.34,19.35,17.99,17.49,16.3,14.06,11.88,9.31,9.77,16.39,28.34
REPSA,A11,2,YG,45.14,-0.74,24.92,4.81,5.09,5.46,5.79,6.06,6.37,6.57,6.7,6.8,7.01,7.98,9.88,12.34,14.19,15.22,15.79,16.16,16.32,16.47,16.92,17.55,17.53,17.06,17.06,16.24,14.41,12.52,10.1,10.57,16.9,27.12
REPSA,A11,2,YG,43.2,7.35,22.1,4.66,4.98,5.42,5.83,6.12,6.37,6.5,6.57,6.58,6.63,7.24,8.57,10.29,11.58,12.25,12.71,13.24,13.97,15.07,16.65,18.34,19.18,19.24,19.57,18.92,17.05,15.01,12.19,12.49,19.21,30.38
REPSA,A11,3,RY,33.03,18.14,11.21,4.4,4.44,4.61,4.81,4.97,5.02,5.01,4.98,4.9,4.81,4.83,4.97,5.18,5.33,5.46,5.64,5.98,6.63,7.84,9.73,11.99,13.88,15.24,16.52,16.84,15.82,14.28,11.74,12.03,18.35,28.7
REPSA,A11,3,RY,39.12,8.69,18.61,4.48,4.72,5.05,5.29,5.42,5.56,5.63,5.66,5.64,5.66,6.03,6.9,8.13,9.1,9.64,9.99,10.42,11.04,12.06,13.56,15.17,16.07,16.27,16.62,15.93,14.17,12.53,10.21,10.51,16.6,26.93
REPSA,A11,3,RY,31.45,13.46,9.51,4.45,4.49,4.58,4.67,4.73,4.76,4.76,4.73,4.7,4.65,4.7,4.86,5.09,5.24,5.37,5.56,5.88,6.39,7.23,8.51,10.07,11.26,12.08,13.01,13.08,12.08,10.82,8.94,9.28,15.2,27.15
REPSA,A11,3,RY,31.96,14.05,10,4.46,4.55,4.66,4.74,4.78,4.83,4.84,4.82,4.78,4.75,4.83,5.03,5.26,5.42,5.55,5.71,5.99,6.49,7.35,8.67,10.36,11.82,12.88,13.91,14.01,12.97,11.66,9.58,9.95,15.85,25.61
REPSA,A11,3,RY,36.08,9.62,14.69,4.56,4.75,4.95,5.07,5.15,5.28,5.35,5.37,5.35,5.37,5.67,6.26,6.93,7.39,7.7,8.03,8.54,9.26,10.23,11.45,12.74,13.55,13.94,14.5,14.21,12.94,11.55,9.46,9.84,15.58,24.82
REPSA,A11,3,RY,33.25,11.47,11.86,4.27,4.39,4.58,4.72,4.81,4.9,4.94,4.93,4.9,4.87,5.02,5.38,5.77,6.06,6.23,6.44,6.83,7.49,8.51,9.82,11.19,12.07,12.5,13.09,12.97,11.98,10.83,8.99,9.35,14.7,23.71
REPSA,A11,3,RY,33.74,8.07,12.57,4.33,4.42,4.58,4.73,4.82,4.89,4.93,4.93,4.94,4.94,5.2,5.74,6.41,6.9,7.15,7.32,7.49,7.74,8.22,9.1,10.3,11.28,11.99,12.8,12.86,12.03,10.92,9.18,9.55,14.77,23.63
REPSA,A11,3,RY,36.55,11.54,15.47,4.63,4.82,5.02,5.12,5.19,5.3,5.35,5.36,5.33,5.3,5.55,6.11,6.79,7.27,7.6,8,8.6,9.48,10.68,12.22,13.81,14.73,15.05,15.54,15.1,13.6,12.01,9.73,10.03,15.96,25.94
REPSA,A11,3,RY,25,6.86,1.65,4.28,4.22,4.17,4.15,4.14,4.12,4.11,4.08,4.08,4.06,4.04,4.04,4.03,4.02,4.02,4.03,4.03,4.07,4.16,4.35,4.72,5.25,6.01,6.99,7.9,8.43,8.48,7.86,8.44,11.95,16.75
REPSA,A11,3,RY,33.66,16.45,11.77,4.43,4.51,4.68,4.88,5.03,5.13,5.13,5.11,5.02,4.93,4.98,5.16,5.41,5.6,5.76,6.01,6.46,7.27,8.57,10.42,12.53,14.03,14.85,15.73,15.66,14.35,12.64,10.24,10.5,16.69,28.16
REPSA,A11,4,R,28.35,13.88,6.13,4.41,4.43,4.45,4.42,4.39,4.38,4.36,4.31,4.26,4.2,4.17,4.17,4.19,4.2,4.26,4.39,4.64,5.07,5.81,6.84,8.03,9.09,10.03,10.96,11.31,10.93,10.21,8.85,9.32,13.56,19.36
REPSA,A11,4,R,27.34,12.53,4.73,4.39,4.37,4.36,4.34,4.32,4.31,4.28,4.25,4.23,4.18,4.16,4.17,4.18,4.19,4.22,4.29,4.41,4.63,5.05,5.73,6.69,7.74,8.91,10.24,11.22,11.45,11.16,9.92,10.41,15.39,23.34
REPSA,A11,4,R,31.69,15.97,9.44,4.52,4.64,4.77,4.83,4.84,4.86,4.86,4.82,4.75,4.67,4.69,4.79,4.92,5.03,5.15,5.33,5.69,6.34,7.41,8.9,10.63,12.06,13.11,14.13,14.34,13.55,12.44,10.47,10.74,15.97,23.96
REPSA,A11,4,R,28.8,15.93,6.51,4.29,4.31,4.39,4.46,4.49,4.48,4.45,4.4,4.35,4.27,4.22,4.22,4.24,4.24,4.28,4.36,4.53,4.91,5.69,6.98,8.67,10.15,11.3,12.37,12.64,11.89,10.79,8.98,9.26,14.31,22.82
REPSA,A11,4,R,25.94,10.49,2.99,4.32,4.28,4.25,4.22,4.2,4.18,4.16,4.12,4.11,4.06,4.04,4.03,4.03,4.02,4.02,4.04,4.09,4.19,4.42,4.85,5.55,6.44,7.54,8.83,9.86,10.28,10.15,9.22,9.65,13.55,19.21
REPSA,A11,4,R,32.8,14.65,10.75,4.57,4.72,4.86,4.92,4.94,4.99,4.99,4.95,4.88,4.8,4.84,4.99,5.17,5.35,5.55,5.86,6.4,7.24,8.45,9.97,11.58,12.68,13.26,13.83,13.62,12.5,11.23,9.3,9.57,14.47,22.23
REPSA,A11,4,R,26.11,10.19,2.91,4.36,4.33,4.31,4.29,4.28,4.24,4.22,4.19,4.17,4.14,4.11,4.11,4.1,4.09,4.08,4.1,4.14,4.24,4.49,4.95,5.69,6.56,7.56,8.74,9.64,9.94,9.72,8.66,9.15,13.83,21.24
REPSA,A11,4,R,28,15.66,6,4.33,4.32,4.32,4.32,4.31,4.29,4.26,4.23,4.19,4.14,4.11,4.11,4.11,4.12,4.14,4.2,4.34,4.63,5.22,6.22,7.59,9.04,10.51,12.05,13.03,12.97,12.29,10.42,10.8,16.52,24.81
REPSA,A11,4,R,27.36,11.69,4.84,4.33,4.32,4.31,4.31,4.3,4.29,4.27,4.25,4.22,4.18,4.17,4.2,4.24,4.27,4.3,4.37,4.48,4.68,5.07,5.7,6.63,7.66,8.81,10.09,10.86,10.8,10.28,8.9,9.31,14.16,21.59
REPSA,A11,4,R,25.52,8.08,2.05,4.34,4.29,4.25,4.24,4.23,4.22,4.19,4.18,4.16,4.14,4.12,4.11,4.11,4.1,4.1,4.12,4.13,4.18,4.29,4.52,4.94,5.55,6.44,7.63,8.85,9.64,9.8,9,9.57,14.35,21.8
REPSA,A11,5,P,24.62,6.82,1.28,4.24,4.18,4.14,4.11,4.1,4.07,4.05,4.03,4.02,3.98,3.96,3.95,3.94,3.92,3.92,3.91,3.92,3.95,4.02,4.2,4.55,5.04,5.76,6.71,7.68,8.33,8.47,7.86,8.43,12.49,18.86
REPSA,A11,5,P,24.9,6.25,1.24,4.3,4.24,4.2,4.18,4.18,4.17,4.16,4.13,4.13,4.1,4.09,4.08,4.07,4.06,4.06,4.06,4.05,4.06,4.11,4.22,4.46,4.89,5.63,6.63,7.71,8.64,9.11,9.2,10.43,13.57,16.99
REPSA,A11,5,P,23.1,5.68,1.09,3.83,3.78,3.73,3.67,3.68,3.65,3.65,3.6,3.63,3.55,3.54,3.54,3.56,3.53,3.52,3.53,3.55,3.58,3.66,3.81,4.07,4.42,4.94,5.65,6.35,6.78,6.86,6.4,6.96,10.15,14.69
REPSA,A11,5,P,24.5,6.45,1.25,4.24,4.17,4.11,4.08,4.07,4.04,4.02,3.98,3.98,3.95,3.94,3.93,3.92,3.91,3.9,3.9,3.91,3.95,4.03,4.19,4.47,4.85,5.47,6.35,7.42,8.36,8.8,8.49,9.25,13.2,18.78
DEGUEDO,A1C3,2,YG,53.75,2.16,35.63,5.04,5.55,6.15,6.66,7.06,7.3,7.52,7.75,7.8,8.04,9.56,12.77,17.01,20.19,21.99,23,23.78,24.48,25.37,26.78,28.29,28.47,27.64,27.5,26.41,23.52,20.11,15.61,15.99,25.6,40.55
DEGUEDO,A1C3,2,YG,49.03,-0.89,31.12,5.29,5.57,5.77,5.91,6.08,6.36,6.61,6.76,6.88,7.12,8.32,10.81,14.14,16.68,18.14,19.13,19.98,20.55,20.89,21.32,21.77,21.27,20.23,19.97,18.71,16.16,13.82,10.98,11.61,19.79,33.99
DEGUEDO,A1C3,2,YG,49.04,-2.35,30.49,5.61,5.94,6.11,6.18,6.26,6.51,6.74,6.85,6.91,7.16,8.38,10.96,14.51,17.32,18.85,19.72,20.23,20.25,20.13,20.44,21.06,20.73,19.76,19.55,18.37,15.83,13.37,10.47,10.95,19.02,34.46
DEGUEDO,A1C3,2,YG,50.35,-0.66,31.57,5.68,6.07,6.28,6.35,6.48,6.78,7.05,7.2,7.31,7.62,9.04,11.82,15.2,17.64,18.95,19.93,20.97,21.84,22.42,22.94,23.4,22.86,21.69,21.33,19.64,16.58,14.13,10.99,11.68,21.11,36.98
DEGUEDO,A1C3,2,YG,42.2,-2.3,26.17,4.22,4.43,4.57,4.64,4.73,4.9,5.06,5.14,5.19,5.39,6.29,8.07,10.51,12.39,13.43,14.06,14.47,14.53,14.47,14.68,15.06,14.73,13.97,13.74,12.75,10.84,9.28,7.46,7.84,13.72,25.65
DEGUEDO,A1C3,2,YG,53.02,-0.43,35.29,4.98,5.49,6.07,6.5,6.8,7.07,7.3,7.48,7.53,7.74,9.12,12.19,16.45,19.79,21.73,22.96,24,24.75,25.24,25.88,26.52,25.9,24.57,24.19,22.75,19.62,16.5,12.68,13.34,23.38,39.98
DEGUEDO,A1C3,2,YG,53.3,-4.16,35,5.62,6.11,6.47,6.67,6.84,7.17,7.45,7.64,7.7,8.05,9.77,13.25,17.81,21.26,23.13,24.18,24.78,24.82,24.57,24.68,25.07,24.41,23.11,22.71,21.21,18.15,15.34,11.88,12.43,21.81,38.25
DEGUEDO,A1C3,2,YG,51.19,-9.48,35.44,4.94,5.29,5.56,5.69,5.84,6.13,6.38,6.52,6.65,6.96,8.51,11.91,16.76,20.67,22.73,23.72,23.93,23.17,21.95,21.12,20.74,19.61,18.12,17.6,16.08,13.41,11.24,8.77,9.39,17.28,32.51
DEGUEDO,A1C3,2,YG,47.83,-9.9,30.93,5.04,5.29,5.47,5.56,5.65,5.9,6.11,6.18,6.28,6.53,7.75,10.5,14.62,17.97,19.7,20.52,20.66,19.83,18.58,17.7,17.25,16.23,14.88,14.38,12.97,10.72,9.19,7.51,8.11,14.82,29.23
DEGUEDO,A1C3,2,YG,44.31,-8.32,27.12,4.86,4.99,5.11,5.2,5.29,5.47,5.62,5.65,5.74,5.9,6.72,8.7,12.03,14.96,16.57,17.31,17.38,16.59,15.56,14.97,14.77,13.91,12.73,12.27,11.15,9.38,8.11,6.8,7.29,12.67,26.37
DEGUEDO,A1C3,3,RY,36.77,13.84,15.81,4.91,5.11,5.21,5.22,5.22,5.29,5.35,5.32,5.27,5.24,5.45,5.91,6.51,6.93,7.21,7.6,8.34,9.52,11.17,13.23,15.25,16.13,16.07,16.25,15.29,13.08,11.19,8.89,9.3,16.42,30.68
DEGUEDO,A1C3,3,RY,42.22,15.36,21.75,5.26,5.58,5.76,5.81,5.87,6,6.1,6.15,6.11,6.12,6.67,7.67,8.68,9.26,9.64,10.19,11.25,12.93,15.18,17.84,20.4,21.77,22.11,22.55,21.73,19.34,16.82,13.21,13.67,22.3,35
DEGUEDO,A1C3,3,RY,52.7,7.66,33.49,5.41,6.07,6.64,6.96,7.2,7.39,7.59,7.81,7.8,7.99,9.41,12.35,15.78,18.14,19.42,20.26,21.21,22.51,24.21,26.52,28.98,30.12,30.11,30.42,29.86,27.33,23.54,18.33,18.73,28.87,42.56
DEGUEDO,A1C3,3,RY,40.53,2.42,20.72,5.01,5.18,5.3,5.36,5.4,5.54,5.65,5.66,5.69,5.78,6.31,7.46,9.15,10.52,11.3,11.89,12.53,13.05,13.58,14.27,14.97,14.86,14.18,13.99,12.94,10.99,9.59,7.91,8.3,14.43,28.54
DEGUEDO,A1C3,3,RY,38.31,15.96,17.61,5.03,5.23,5.35,5.37,5.4,5.48,5.54,5.51,5.46,5.41,5.65,6.16,6.73,7.1,7.4,7.91,8.92,10.52,12.63,15.01,17.21,18.22,18.2,18.41,17.39,15.01,12.86,10.09,10.53,18.36,32.28
DEGUEDO,A1C3,3,RY,37.51,9.68,16.95,4.93,5.07,5.16,5.18,5.19,5.3,5.37,5.36,5.34,5.33,5.61,6.25,7.11,7.77,8.18,8.66,9.46,10.53,11.82,13.31,14.73,15.15,14.78,14.74,13.66,11.58,9.99,8.1,8.55,15.08,29.01
DEGUEDO,A1C3,3,RY,45.96,16.71,25.88,5.3,5.64,5.97,6.24,6.42,6.55,6.64,6.75,6.69,6.74,7.41,8.8,10.42,11.49,12.09,12.65,13.6,15.16,17.49,20.71,24.23,26.53,27.56,28.52,28.36,26.27,23.04,18.38,18.73,28.2,41.48
DEGUEDO,A1C3,3,RY,44.17,7.55,26.74,4.72,4.94,5.17,5.34,5.46,5.58,5.69,5.74,5.73,5.82,6.51,8.1,10.31,12.02,12.95,13.59,14.28,15.08,16.17,17.85,19.81,20.68,20.57,20.83,19.68,16.84,14.23,10.96,11.55,20.65,36.49
DEGUEDO,A1C3,3,RY,43.27,17.04,24.06,4.88,5.19,5.48,5.67,5.8,5.89,5.97,6.03,5.99,5.98,6.53,7.71,9.1,9.97,10.44,10.85,11.61,12.96,15.11,18.19,21.61,23.79,24.72,25.67,25.7,23.74,20.2,15.35,15.68,25.31,39.01
DEGUEDO,A1C3,3,RY,46.14,4.86,27.54,5.2,5.53,5.76,5.86,5.94,6.12,6.26,6.34,6.35,6.5,7.43,9.39,11.93,13.78,14.79,15.47,16.17,16.88,17.79,19.18,20.75,21.3,21,21.13,19.88,17.08,14.61,11.38,11.89,20.88,36.29
DEGUEDO,A1C3,4,R,27.95,11.46,5.04,4.59,4.56,4.5,4.46,4.44,4.43,4.42,4.38,4.38,4.35,4.36,4.37,4.41,4.43,4.46,4.52,4.66,4.94,5.41,6.12,7.08,8.06,9.06,10.16,10.7,10.36,9.8,8.36,8.9,14.99,25
DEGUEDO,A1C3,4,R,28.79,13.42,5.54,4.82,4.78,4.71,4.66,4.63,4.61,4.6,4.57,4.53,4.52,4.49,4.48,4.48,4.51,4.52,4.58,4.73,5.06,5.72,6.77,8.14,9.38,10.38,11.34,11.46,10.69,9.86,8.45,8.98,14.74,24.9
DEGUEDO,A1C3,4,R,34.81,24.84,14.43,4.82,4.93,4.96,4.94,4.92,4.91,4.91,4.87,4.8,4.72,4.77,4.9,5.02,5.08,5.15,5.34,5.85,6.92,8.82,11.65,15.04,17.89,19.87,21.57,22.17,20.96,18.54,14.61,15.03,23.79,35.63
DEGUEDO,A1C3,4,R,31.05,19.1,9.36,4.65,4.69,4.7,4.68,4.65,4.64,4.62,4.58,4.54,4.5,4.49,4.51,4.56,4.59,4.63,4.74,5,5.58,6.72,8.56,10.86,12.84,14.24,15.48,15.55,14.21,12.7,10.3,10.73,17.98,30.07
DEGUEDO,A1C3,4,R,30.34,15.84,8.28,4.71,4.7,4.67,4.65,4.62,4.61,4.59,4.56,4.5,4.48,4.47,4.48,4.54,4.59,4.66,4.79,5.08,5.65,6.7,8.28,10.19,11.6,12.35,13.01,12.54,11.01,9.74,8.04,8.43,14.48,27.12
DEGUEDO,A1C3,4,R,28.23,16.64,6.24,4.43,4.4,4.37,4.35,4.32,4.3,4.28,4.25,4.23,4.22,4.2,4.19,4.19,4.2,4.2,4.23,4.31,4.5,5,6.01,7.66,9.52,11.36,13.06,14.03,13.79,12.89,10.94,11.52,17.59,26.44
DEGUEDO,A1C3,4,R,32.98,26.67,13.03,4.58,4.6,4.6,4.61,4.57,4.55,4.54,4.53,4.48,4.48,4.48,4.53,4.62,4.74,4.81,4.89,5.02,5.4,6.43,8.65,12.26,16.25,19.8,22.82,24.57,24.16,21.98,17.76,18.14,27.68,40.53
DEGUEDO,A1C3,4,R,25.28,5.53,1.29,4.44,4.39,4.33,4.3,4.29,4.27,4.26,4.23,4.23,4.22,4.21,4.19,4.2,4.19,4.2,4.2,4.22,4.23,4.3,4.43,4.69,5.08,5.69,6.47,7.37,7.98,8.18,7.69,8.36,12.82,20.36
DEGUEDO,A1C3,4,R,32.8,23.17,11.14,4.88,4.96,4.99,4.96,4.92,4.9,4.87,4.81,4.74,4.64,4.62,4.63,4.67,4.7,4.75,4.89,5.24,6,7.5,9.89,12.86,15.43,17.32,18.92,19.3,18.03,16.21,13.14,13.5,21.41,33.25
DEGUEDO,A1C3,4,R,28.59,16.68,6.77,4.46,4.44,4.4,4.37,4.34,4.32,4.3,4.26,4.25,4.21,4.19,4.17,4.19,4.19,4.2,4.24,4.38,4.7,5.42,6.66,8.42,10.13,11.56,12.95,13.4,12.53,11.29,9.2,9.64,16.61,29.59
DEGUEDO,A1C3,5,P,26.61,8.59,3.17,4.5,4.46,4.42,4.38,4.36,4.35,4.34,4.3,4.29,4.28,4.27,4.27,4.3,4.31,4.32,4.36,4.43,4.57,4.84,5.26,5.87,6.53,7.31,8.2,8.93,9.13,8.96,8.12,8.68,13.26,20.77
DEGUEDO,A1C3,5,P,24.3,2.24,0.22,4.35,4.29,4.22,4.19,4.17,4.15,4.15,4.12,4.12,4.1,4.09,4.08,4.09,4.08,4.08,4.09,4.1,4.11,4.13,4.15,4.2,4.26,4.43,4.69,5.16,5.74,6.21,6.33,7.03,10.14,15.31
DEGUEDO,A1C3,5,P,26.59,9.95,4.16,4.32,4.28,4.22,4.2,4.18,4.16,4.15,4.11,4.11,4.09,4.08,4.09,4.12,4.14,4.17,4.21,4.32,4.52,4.88,5.47,6.35,7.21,7.97,8.81,9.04,8.49,7.88,6.8,7.19,12.5,24.8
DEGUEDO,A1C3,5,P,26.5,10.76,3.71,4.42,4.37,4.3,4.26,4.23,4.21,4.21,4.16,4.16,4.12,4.11,4.1,4.11,4.11,4.12,4.14,4.21,4.37,4.71,5.29,6.18,7.13,8.11,9.19,9.71,9.39,8.85,7.61,8.09,14.18,26.25
DEGUEDO,A1C3,5,P,25.19,9.23,3.01,4.12,4.08,4.02,3.98,3.95,3.94,3.92,3.89,3.88,3.86,3.85,3.84,3.85,3.85,3.85,3.87,3.93,4.04,4.29,4.7,5.36,6.1,6.94,7.9,8.5,8.42,8.15,7.19,7.61,12.9,23.76
DEGUEDO,A1C3,5,P,23.68,1.05,-0.07,4.2,4.14,4.08,4.05,4.03,4.01,4.01,3.99,3.98,3.98,3.96,3.95,3.95,3.96,3.96,3.95,3.96,3.97,3.99,3.99,4,4.03,4.09,4.14,4.3,4.54,4.84,5.18,5.86,7.61,10.44
DEGUEDO,A1C3,5,P,24.62,5.86,1.58,4.17,4.14,4.08,4.04,4.03,4.01,4.01,3.97,3.98,3.96,3.95,3.94,3.95,3.95,3.94,3.95,3.98,4.03,4.15,4.34,4.64,5,5.53,6.22,6.92,7.38,7.66,7.25,8.02,12.96,21.16
DEGUEDO,A1C3,5,P,24.33,1.9,0.08,4.38,4.32,4.25,4.23,4.2,4.19,4.18,4.16,4.15,4.15,4.13,4.11,4.11,4.12,4.12,4.12,4.12,4.13,4.15,4.16,4.19,4.24,4.35,4.51,4.88,5.47,6.14,6.66,7.72,10.85,15.37
DEGUEDO,A1C3,5,P,25.28,7.29,1.86,4.33,4.28,4.23,4.2,4.18,4.17,4.16,4.13,4.12,4.11,4.1,4.08,4.09,4.08,4.07,4.07,4.09,4.13,4.23,4.46,4.9,5.5,6.35,7.37,8.18,8.39,8.2,7.32,7.93,13.2,22.53
DEGUEDO,A1C3,5,P,22.19,4.35,0.75,3.61,3.57,3.52,3.5,3.47,3.45,3.44,3.41,3.41,3.4,3.38,3.37,3.37,3.37,3.36,3.36,3.37,3.39,3.44,3.52,3.69,3.94,4.32,4.78,5.31,5.76,6.04,5.92,6.53,10.31,17.79
DEGUEDO,A3C3,3,RY,49.67,0.93,32.09,4.59,5.04,5.54,5.9,6.19,6.46,6.63,6.81,6.94,7.15,8.38,10.96,14.43,17.08,18.53,19.32,19.95,20.49,21.16,22.24,23.37,23.25,22.28,22.03,20.69,17.92,15.23,11.82,12.36,21.21,36.37
DEGUEDO,A3C3,3,RY,37.17,21.44,17.02,4.59,4.87,5.12,5.2,5.21,5.23,5.22,5.2,5.1,5.01,5.11,5.44,5.86,6.17,6.4,6.73,7.43,8.74,10.96,14.07,17.38,19.55,20.43,21.15,20.28,17.87,15.6,12.41,12.81,21.12,34.77
DEGUEDO,A3C3,3,RY,33.52,24.1,13.12,4.35,4.47,4.65,4.75,4.78,4.77,4.74,4.7,4.64,4.54,4.54,4.63,4.77,4.86,4.94,5.08,5.43,6.18,7.69,10.31,13.77,16.74,18.73,20.39,20.57,18.93,16.71,13.37,13.67,21.89,35.94
DEGUEDO,A3C3,3,RY,39.41,27.44,19.17,4.81,5.18,5.5,5.58,5.61,5.61,5.6,5.57,5.45,5.31,5.4,5.72,6.1,6.35,6.54,6.86,7.6,9.1,11.85,16.03,20.75,24.3,26.33,27.83,27.44,24.95,21.98,17.42,17.95,28.41,42.86
DEGUEDO,A3C3,3,RY,49.89,6.27,31.31,4.98,5.52,6.06,6.37,6.6,6.79,6.93,7.08,7.11,7.23,8.24,10.44,13.46,15.86,17.28,18.23,19.27,20.54,22.07,23.88,25.52,25.87,25.31,25.27,23.94,20.96,18.05,14.17,14.89,24.86,39.2
DEGUEDO,A3C3,3,RY,40.89,20.56,21.11,4.74,5.09,5.42,5.55,5.63,5.68,5.7,5.72,5.69,5.66,6.04,6.85,7.74,8.26,8.53,8.83,9.49,10.77,12.98,16.19,19.83,22.6,24.32,25.8,25.57,23.35,20.7,16.55,17.13,27.33,41.5
DEGUEDO,A3C3,3,RY,40.35,24.58,18.93,4.81,5.27,5.71,5.92,6,6.04,6.03,6.05,5.93,5.78,5.94,6.36,6.82,7.08,7.26,7.6,8.44,10.13,13.04,17.06,21.26,24.08,25.38,26.35,25.73,23.25,20.44,16.31,16.78,26.25,39.69
DEGUEDO,A3C3,3,RY,37.66,25.03,17.46,4.76,5.03,5.24,5.3,5.31,5.32,5.31,5.28,5.19,5.07,5.15,5.43,5.74,5.95,6.13,6.41,7.09,8.45,10.9,14.51,18.54,21.44,22.93,24.08,23.61,21.26,18.51,14.54,14.99,24.38,38.32
DEGUEDO,A3C3,3,RY,47.25,9,28.65,4.76,5.24,5.74,6.03,6.21,6.36,6.49,6.6,6.59,6.67,7.49,9.31,11.73,13.56,14.56,15.29,16.24,17.56,19.4,21.7,23.84,24.53,24.11,24.17,22.88,19.85,16.88,13.04,13.55,23.33,39.19
DEGUEDO,A3C3,3,RY,44.23,20.17,24.01,4.8,5.32,5.82,6.07,6.21,6.33,6.39,6.47,6.43,6.38,6.9,7.97,9.17,9.88,10.23,10.61,11.47,13.13,15.96,19.98,24.25,26.82,27.68,28.43,27.82,25.06,21.3,16.24,16.67,27.42,43.2
DEGUEDO,A3C3,4,R,26.06,13.88,3.86,4.24,4.17,4.12,4.09,4.07,4.05,4.04,4.01,4.01,3.98,3.96,3.96,3.96,3.95,3.93,3.93,3.93,3.94,4.06,4.4,5.22,6.61,8.59,10.92,12.93,13.91,13.9,12.35,13.14,20.14,30.43
DEGUEDO,A3C3,4,R,26.8,16.65,4.97,4.27,4.21,4.15,4.12,4.11,4.08,4.06,4.04,4.03,4.01,3.99,3.98,3.98,3.97,3.96,3.95,3.95,3.98,4.13,4.61,5.75,7.59,10.08,12.83,15.09,15.98,15.61,13.44,14.29,22.73,34.83
DEGUEDO,A3C3,4,R,29.28,25.05,10.64,3.94,3.96,3.96,3.93,3.89,3.85,3.82,3.77,3.74,3.68,3.64,3.63,3.64,3.64,3.66,3.7,3.85,4.24,5.21,7.17,10.11,13.13,15.66,17.86,18.75,17.83,15.98,12.74,13.18,21.73,34.69
DEGUEDO,A3C3,4,R,37.28,27.4,17.96,4.33,4.65,4.93,5.05,5.08,5.08,5.08,5.06,4.96,4.85,4.94,5.22,5.52,5.68,5.8,6.02,6.59,7.79,10.09,13.69,18.05,21.67,24.06,25.95,26.33,24.63,21.87,17.5,17.84,27.39,40.77
DEGUEDO,A3C3,4,R,32.36,27.69,12.17,4.41,4.53,4.63,4.64,4.61,4.57,4.52,4.45,4.37,4.26,4.21,4.18,4.19,4.19,4.21,4.29,4.52,5.12,6.59,9.42,13.35,16.97,19.6,21.59,21.9,20.3,18.15,14.63,15.04,23.47,35.53
DEGUEDO,A3C3,4,R,28.64,23.08,8.4,4.23,4.19,4.15,4.1,4.07,4.04,4.02,3.98,3.96,3.93,3.9,3.9,3.9,3.89,3.88,3.88,3.92,4.06,4.55,5.82,8.14,11.08,14.19,17.14,19.13,19.41,18.25,15.3,15.98,24.55,36.01
DEGUEDO,A3C3,4,R,30.05,23.38,9.82,4.25,4.3,4.33,4.31,4.27,4.24,4.21,4.16,4.1,4.05,4.01,3.99,3.99,4,4.01,4.06,4.22,4.63,5.66,7.69,10.64,13.46,15.61,17.38,17.77,16.51,14.75,11.89,12.2,19.69,32.16
DEGUEDO,A3C3,4,R,36.43,27.23,16.42,4.7,4.96,5.13,5.15,5.13,5.12,5.08,5.03,4.91,4.78,4.77,4.88,5.03,5.13,5.27,5.54,6.21,7.57,10.1,13.86,18.04,21.12,22.73,23.94,23.44,21.07,18.41,14.41,14.85,24.17,38.03
DEGUEDO,A3C3,4,R,32.16,29.84,12.83,4.25,4.37,4.45,4.44,4.41,4.37,4.33,4.27,4.2,4.09,4.04,4.03,4.03,4.03,4.05,4.13,4.34,4.87,6.15,8.67,12.44,16.48,20.16,23.4,25.2,24.79,22.87,18.89,19.56,29.71,43.2
DEGUEDO,A3C3,4,R,34.21,33.89,14.81,4.5,4.67,4.79,4.79,4.74,4.68,4.61,4.55,4.44,4.32,4.26,4.23,4.24,4.23,4.26,4.35,4.59,5.22,6.8,9.95,14.65,19.68,24.24,28.11,30.59,30.85,29.11,24.88,25.32,34.95,46.61
DEGUEDO,A3C3,5,P,24.07,1.42,0,4.3,4.23,4.17,4.14,4.14,4.13,4.12,4.09,4.09,4.08,4.07,4.06,4.07,4.06,4.06,4.06,4.06,4.07,4.08,4.1,4.11,4.13,4.17,4.25,4.47,4.96,5.63,6.27,7.44,10.91,16.45
DEGUEDO,A3C3,5,P,23.65,0.41,-0.36,4.26,4.19,4.12,4.1,4.08,4.05,4.05,4.03,4.02,4.01,3.99,4,3.99,3.99,3.98,3.98,3.97,3.97,3.98,3.99,3.98,3.99,4,4.01,4.05,4.11,4.2,4.38,4.74,5.77,7.95
DEGUEDO,A3C3,5,P,23.48,0.71,-0.4,4.23,4.15,4.1,4.05,4.03,4.01,4.01,3.97,3.99,3.95,3.94,3.93,3.95,3.93,3.92,3.91,3.91,3.91,3.91,3.92,3.91,3.9,3.91,3.93,3.99,4.2,4.6,5.24,6.32,8.75,12.64
DEGUEDO,A3C3,5,P,23.84,1.73,-0.11,4.26,4.19,4.14,4.1,4.09,4.07,4.07,4.04,4.05,4.02,4.01,4,4,3.99,3.98,3.98,3.98,3.97,3.98,3.99,4,4.01,4.08,4.24,4.66,5.38,6.18,6.72,7.81,11.16,16.01
DEGUEDO,A3C3,5,P,23.34,0.65,-0.37,4.18,4.09,4.03,4,3.98,3.97,3.96,3.93,3.93,3.91,3.89,3.89,3.89,3.89,3.88,3.87,3.87,3.86,3.88,3.89,3.89,3.89,3.91,3.92,3.96,4.07,4.31,4.76,5.66,7.55,10.73
DEGUEDO,A3C3,5,P,24.17,1.51,0.14,4.29,4.22,4.17,4.15,4.14,4.13,4.12,4.1,4.1,4.1,4.1,4.09,4.09,4.09,4.09,4.08,4.09,4.08,4.1,4.12,4.13,4.16,4.22,4.34,4.65,5.22,5.84,6.24,7.22,10.81,16.73
DEGUEDO,A3C3,5,P,24.15,3.23,0.26,4.3,4.23,4.17,4.14,4.12,4.11,4.09,4.06,4.07,4.04,4.04,4.02,4.03,4.02,4.01,4,4,4,4.01,4.03,4.06,4.12,4.32,4.74,5.59,6.86,8.03,8.61,10.13,14.95,21.48
DEGUEDO,A3C3,5,P,23.7,0.67,-0.29,4.26,4.19,4.13,4.09,4.08,4.06,4.06,4.03,4.03,4,4,4,4,3.99,3.98,3.98,3.97,3.98,3.99,4,4,4,4.02,4.06,4.13,4.28,4.54,4.92,5.57,7,9.48
DEGUEDO,A3C3,5,P,23.89,0.45,-0.18,4.28,4.22,4.15,4.12,4.11,4.1,4.1,4.07,4.07,4.06,4.05,4.05,4.06,4.06,4.05,4.04,4.04,4.05,4.06,4.07,4.07,4.07,4.08,4.1,4.14,4.2,4.32,4.52,4.94,6.11,8.57
DEGUEDO,A3C3,5,P,23.63,0.53,-0.28,4.23,4.16,4.1,4.06,4.05,4.04,4.03,4.01,4.01,3.99,3.98,3.98,3.98,3.98,3.97,3.97,3.96,3.96,3.96,3.98,3.97,3.97,3.99,4,4.06,4.19,4.43,4.8,5.45,6.85,9.28
DEGUEDO,A3C2,1,G,45.2,-12.24,26.89,4.73,4.92,5.19,5.45,5.66,5.9,6.08,6.16,6.2,6.39,7.21,9.13,12.67,16.25,18.47,19.45,19.12,17.42,15.48,14.32,13.75,12.78,11.68,11.29,10.51,9.17,8.12,7.1,7.49,11.55,23.18
DEGUEDO,A3C2,1,G,50.88,-11.03,31.83,5.41,5.91,6.29,6.46,6.59,6.92,7.21,7.35,7.44,7.81,9.31,12.49,17.13,20.95,22.94,23.77,23.66,22.47,20.92,19.95,19.46,18.37,16.96,16.44,15.1,12.84,11.07,9.08,9.55,16.09,30.11
DEGUEDO,A3C2,1,G,49.39,-12.31,30.64,4.7,5.01,5.51,5.98,6.34,6.7,6.97,7.1,7.15,7.44,8.67,11.31,15.64,19.67,22.05,23.12,22.89,21.23,19.22,18,17.37,16.24,14.89,14.43,13.37,11.54,10.03,8.47,8.88,14.26,27.27
DEGUEDO,A3C2,1,G,48.64,-11.2,29.85,4.94,5.34,5.77,6.04,6.23,6.52,6.76,6.87,6.96,7.23,8.48,11.15,15.35,18.99,20.97,21.81,21.62,20.3,18.68,17.71,17.25,16.22,14.9,14.41,13.28,11.36,9.85,8.24,8.67,14.31,27.57
DEGUEDO,A3C2,1,G,50.02,-13.01,32.7,5.18,5.55,5.84,5.98,6.09,6.35,6.57,6.69,6.77,7.07,8.32,11.25,16.11,20.5,22.96,24.01,23.73,22.01,19.88,18.54,17.87,16.65,15.15,14.63,13.41,11.3,9.68,8.02,8.45,14.5,29.21
DEGUEDO,A3C2,1,G,46.66,-13.47,29.38,4.9,5.12,5.34,5.47,5.59,5.82,6.01,6.1,6.16,6.41,7.47,9.89,14.03,17.85,19.97,20.83,20.43,18.64,16.59,15.35,14.75,13.67,12.4,11.96,10.99,9.39,8.15,6.98,7.4,12.18,25.11
DEGUEDO,A3C2,1,G,47.82,-12.07,30.91,4.64,4.87,5.19,5.46,5.67,5.96,6.17,6.27,6.33,6.59,7.65,10.14,14.35,18.29,20.62,21.67,21.46,19.89,17.98,16.79,16.16,15.11,13.88,13.44,12.25,10.35,9.01,7.62,8.15,13.85,27.21
DEGUEDO,A3C2,1,G,49.2,-13.37,31.53,4.73,5.02,5.44,5.79,6.05,6.36,6.61,6.72,6.79,7.06,8.23,10.9,15.47,19.76,22.27,23.37,23.06,21.18,18.94,17.58,16.91,15.69,14.27,13.75,12.68,10.88,9.38,7.88,8.29,13.65,27.35
DEGUEDO,A3C2,2,YG,47.86,-10.39,29.15,5.04,5.42,5.76,5.94,6.08,6.36,6.59,6.7,6.79,7.06,8.24,10.79,14.72,18.13,20.02,20.86,20.76,19.6,18.12,17.19,16.74,15.83,14.66,14.29,13.19,11.3,9.83,8.22,8.67,14.33,26.85
DEGUEDO,A3C2,2,YG,50.13,-9.35,31.36,5.09,5.6,6.06,6.29,6.45,6.75,7,7.14,7.21,7.53,8.93,11.95,16.32,19.9,21.74,22.55,22.54,21.65,20.46,19.76,19.45,18.48,17.14,16.65,15.28,12.97,11.18,9.14,9.6,16.32,30.23
DEGUEDO,A3C2,2,YG,48.93,-4.72,29.35,5.02,5.53,6.05,6.37,6.57,6.83,7.04,7.14,7.17,7.39,8.51,11.02,14.79,17.92,19.56,20.31,20.47,20.06,19.62,19.73,20.1,19.54,18.38,17.98,16.6,14.11,12.18,9.92,10.4,17.57,32.21
DEGUEDO,A3C2,2,YG,49.95,-10.94,31.85,4.87,5.33,5.79,6.05,6.23,6.54,6.81,6.95,7.04,7.38,8.75,11.75,16.28,20.1,22.12,22.97,22.81,21.53,19.97,19.06,18.67,17.64,16.28,15.79,14.49,12.29,10.56,8.66,9.16,15.66,29.61
DEGUEDO,A3C2,2,YG,46.67,-6.35,28.01,4.87,5.2,5.54,5.77,5.96,6.21,6.39,6.48,6.58,6.76,7.73,9.92,13.38,16.38,18.01,18.76,18.88,18.28,17.55,17.31,17.37,16.68,15.54,15.12,13.85,11.77,10.23,8.48,8.93,14.91,28.45
DEGUEDO,A3C2,2,YG,49.02,-1.68,28.56,5.1,5.59,6.11,6.49,6.76,7.1,7.34,7.47,7.51,7.73,8.89,11.35,14.73,17.39,18.73,19.36,19.67,19.69,19.79,20.46,21.36,21.18,20.21,19.92,18.54,15.89,13.61,10.91,11.35,19.17,34.31
DEGUEDO,A3C2,2,YG,52.41,-5.17,32.34,4.96,5.58,6.33,6.88,7.23,7.59,7.9,8.06,8.09,8.39,9.85,12.93,17.33,20.9,22.79,23.68,23.95,23.59,23.13,23.2,23.54,22.85,21.51,21.05,19.56,16.79,14.44,11.58,12.01,20.12,35.59
DEGUEDO,A3C2,2,YG,41.35,1.75,21.03,4.62,4.9,5.23,5.49,5.67,5.83,5.94,5.97,5.98,6.05,6.58,7.85,9.81,11.46,12.34,12.81,13.09,13.16,13.37,14.07,15.07,15.39,15.08,15.09,14.08,12.15,10.73,8.95,9.33,15.23,27.8
DEGUEDO,A3C2,2,YG,44.38,-0.95,24.31,4.78,5.1,5.49,5.81,6.03,6.23,6.39,6.46,6.44,6.58,7.36,9.07,11.69,13.89,15.08,15.64,15.79,15.55,15.46,16.04,16.95,17.01,16.41,16.28,15.18,13.05,11.41,9.48,9.86,16.16,30.02
DEGUEDO,A3C2,2,YG,44.96,-1.2,26.25,4.87,5.19,5.47,5.61,5.72,5.95,6.11,6.19,6.24,6.41,7.28,9.23,11.98,14.14,15.24,15.85,16.28,16.45,16.61,17.13,17.76,17.52,16.61,16.3,14.91,12.51,10.78,8.71,9.19,16,29.62
DEGUEDO,A3C2,3,RY,42.27,10.84,20.9,4.58,4.99,5.54,5.94,6.14,6.29,6.38,6.43,6.37,6.37,6.82,7.85,9.3,10.44,11,11.34,11.86,12.84,14.53,16.93,19.28,20.3,20.11,20.14,18.72,16,13.96,11.29,11.75,19.62,33.94
DEGUEDO,A3C2,3,RY,44.18,4.67,23.6,4.48,4.82,5.36,5.85,6.15,6.39,6.54,6.63,6.6,6.67,7.34,8.86,11.04,12.77,13.62,14.02,14.36,14.79,15.66,17.24,18.98,19.47,18.92,18.82,17.64,15.24,13.08,10.49,10.88,18.16,32.49
DEGUEDO,A3C2,3,RY,45.3,4.22,25.99,4.55,4.77,5.16,5.62,6.02,6.29,6.43,6.52,6.51,6.6,7.29,8.89,11.37,13.49,14.7,15.29,15.62,15.88,16.52,17.94,19.63,20.28,19.97,20.06,18.8,16.18,14.07,11.4,11.88,20.06,35.22
DEGUEDO,A3C2,3,RY,39.99,11,19.08,4.52,4.81,5.2,5.51,5.66,5.8,5.88,5.92,5.87,5.86,6.24,7.15,8.4,9.34,9.8,10.09,10.49,11.14,12.32,14.34,16.74,18.11,18.38,18.74,17.91,15.71,13.59,10.86,11.13,18.16,31.5
DEGUEDO,A3C2,3,RY,44.48,5.3,23.75,4.84,5.21,5.65,5.99,6.22,6.44,6.59,6.67,6.67,6.79,7.5,9.03,11.14,12.77,13.6,14.09,14.55,15.07,15.99,17.57,19.3,19.9,19.54,19.55,18.32,15.9,13.84,11.27,11.68,19.18,33.8
DEGUEDO,A3C2,3,RY,38.65,11.08,17.01,4.79,5.15,5.44,5.56,5.62,5.73,5.8,5.8,5.77,5.75,6.12,6.9,7.85,8.44,8.75,9.11,9.71,10.6,11.87,13.63,15.53,16.62,16.88,17.22,16.31,14.25,12.54,10.23,10.65,17.36,29.57
DEGUEDO,A3C2,3,RY,41.68,-0.01,21.08,4.73,5.05,5.38,5.6,5.73,5.93,6.06,6.09,6.11,6.2,6.79,8.12,10.11,11.69,12.52,13.07,13.57,13.89,14.2,14.74,15.25,14.89,13.99,13.67,12.49,10.63,9.33,7.91,8.37,14,27.15
DEGUEDO,A3C2,3,RY,37.76,14.55,16.52,4.72,5,5.24,5.36,5.42,5.52,5.57,5.58,5.53,5.5,5.76,6.38,7.15,7.65,7.9,8.18,8.69,9.57,10.96,13.03,15.47,17.17,17.94,18.75,18.06,15.86,13.85,11.04,11.44,19.41,33.97
DEGUEDO,A3C2,3,RY,36.81,11.06,15.02,4.63,4.82,5.05,5.25,5.4,5.52,5.58,5.59,5.54,5.5,5.68,6.16,6.86,7.42,7.77,8.12,8.73,9.65,10.95,12.65,14.33,15.05,14.94,15.01,14.1,12.3,10.84,9.03,9.44,15.19,27.08
DEGUEDO,A3C2,3,RY,43.92,2.86,23.75,5.19,5.55,5.78,5.86,5.92,6.15,6.31,6.37,6.4,6.51,7.25,8.83,10.95,12.54,13.37,13.98,14.7,15.42,16.23,17.29,18.25,18.14,17.29,17.02,15.66,13.25,11.42,9.23,9.72,16.73,30.75
DEGUEDO,A3C2,4,R,27.14,16.72,5.33,4.28,4.25,4.21,4.16,4.14,4.12,4.11,4.08,4.07,4.03,4.02,4.01,4,3.99,3.98,3.98,4,4.09,4.35,5.03,6.37,8.3,10.65,13.04,14.52,14.62,13.93,11.98,12.5,19.18,29.52
DEGUEDO,A3C2,4,R,28.19,17.42,6.43,4.43,4.42,4.38,4.32,4.27,4.26,4.23,4.2,4.17,4.13,4.11,4.09,4.09,4.07,4.08,4.09,4.15,4.38,5,6.32,8.25,10.16,11.76,13.24,13.58,12.58,11.44,9.43,9.87,16.69,29
DEGUEDO,A3C2,4,R,28.09,19.43,6.66,4.24,4.23,4.24,4.23,4.21,4.19,4.17,4.14,4.11,4.07,4.05,4.03,4.02,4,3.99,4,4.02,4.12,4.5,5.6,7.77,10.46,12.97,15.07,15.53,14.35,13.09,10.74,11.26,18.52,30.1
DEGUEDO,A3C2,4,R,31.37,18.25,9.47,4.57,4.67,4.75,4.75,4.73,4.76,4.74,4.69,4.61,4.52,4.5,4.53,4.58,4.61,4.67,4.84,5.23,6.03,7.35,9.23,11.33,12.89,13.81,14.64,14.4,13.08,11.77,9.81,10.18,16.05,26.48
DEGUEDO,A3C2,4,R,28.64,21.08,7.56,4.25,4.26,4.26,4.25,4.22,4.21,4.17,4.13,4.1,4.06,4.04,4.03,4.02,4,3.99,4.01,4.04,4.2,4.72,6.02,8.32,11.1,13.76,16.08,16.91,16.05,15,12.66,13.17,20.45,31.26
DEGUEDO,A3C2,4,R,28.83,18.62,6.69,4.38,4.41,4.45,4.46,4.44,4.43,4.4,4.36,4.34,4.29,4.26,4.25,4.24,4.22,4.21,4.23,4.27,4.48,5.05,6.35,8.44,10.71,12.75,14.53,15.14,14.35,13.19,11.02,11.51,18.24,28.81
DEGUEDO,A3C2,4,R,31.2,16.84,9.39,4.47,4.56,4.64,4.67,4.68,4.71,4.69,4.65,4.61,4.53,4.54,4.61,4.69,4.74,4.8,4.95,5.29,5.99,7.17,8.93,11,12.53,13.34,14.06,13.56,11.93,10.56,8.66,9.06,15.25,27.53
DEGUEDO,A3C2,4,R,34.27,24.99,13.81,4.37,4.52,4.71,4.83,4.87,4.9,4.89,4.85,4.76,4.66,4.68,4.82,4.97,5.04,5.1,5.21,5.54,6.3,7.91,10.86,14.82,18.22,20.34,21.84,21.24,18.77,16.63,13.22,13.64,22.52,36.46
DEGUEDO,A3C2,4,R,28.75,17.76,6.72,4.44,4.47,4.47,4.44,4.4,4.39,4.36,4.33,4.3,4.26,4.23,4.22,4.21,4.2,4.19,4.21,4.29,4.55,5.23,6.65,8.71,10.73,12.36,13.76,13.88,12.71,11.53,9.58,10.05,16.61,27.98
DEGUEDO,A3C2,4,R,31.3,17.24,9.76,4.35,4.46,4.58,4.65,4.66,4.68,4.66,4.62,4.55,4.46,4.46,4.53,4.64,4.71,4.79,4.95,5.31,6.02,7.24,9.11,11.29,12.83,13.58,14.19,13.61,11.98,10.61,8.73,9.07,14.87,26.25
DEGUEDO,A3C2,5,P,23.88,3.83,0.46,4.17,4.12,4.07,4.02,3.99,3.99,3.97,3.95,3.96,3.92,3.92,3.92,3.92,3.89,3.89,3.89,3.88,3.89,3.89,3.93,4,4.15,4.53,5.16,6.02,6.93,7.56,7.55,8.46,12.78,19.53
DEGUEDO,A3C2,5,P,23.94,1.73,0.04,4.22,4.18,4.14,4.11,4.08,4.08,4.07,4.06,4.05,4.03,4.03,4.03,4.02,4.01,4.01,4.01,4,4.01,4.01,4.03,4.06,4.1,4.19,4.38,4.75,5.3,5.82,6.08,6.84,10.28,16.65
DEGUEDO,A3C2,5,P,24.56,2.23,0.63,4.26,4.23,4.2,4.18,4.16,4.17,4.15,4.14,4.15,4.14,4.14,4.15,4.15,4.15,4.16,4.17,4.18,4.21,4.22,4.25,4.3,4.36,4.52,4.81,5.3,5.88,6.36,6.46,7.12,10.56,17.22
DEGUEDO,A3C2,5,P,23.72,3.36,0.25,4.13,4.09,4.04,4.01,3.99,3.98,3.96,3.94,3.94,3.91,3.9,3.89,3.89,3.87,3.87,3.87,3.86,3.87,3.87,3.89,3.94,4.06,4.35,4.89,5.7,6.56,7.15,7.14,7.95,12.21,19.91
DEGUEDO,A3C2,5,P,23.76,0.81,-0.17,4.21,4.16,4.12,4.09,4.06,4.07,4.05,4.03,4.03,4.01,4,4,4,3.99,4,3.99,3.99,4,4,4.02,4.03,4.04,4.06,4.11,4.17,4.34,4.62,5.04,5.77,7.91,11.88
DEGUEDO,A3C2,5,P,24.78,6.04,1.01,4.33,4.28,4.24,4.21,4.18,4.17,4.15,4.12,4.12,4.09,4.08,4.07,4.06,4.05,4.05,4.05,4.04,4.05,4.06,4.12,4.28,4.65,5.42,6.62,7.87,8.64,8.97,8.34,9.07,15.16,26.13
DEGUEDO,A3C2,5,P,24.04,1.17,0.07,4.22,4.19,4.15,4.12,4.1,4.11,4.09,4.08,4.08,4.07,4.06,4.06,4.06,4.05,4.06,4.06,4.06,4.07,4.08,4.1,4.12,4.15,4.2,4.27,4.4,4.72,5.15,5.62,6.49,9.16,13.84
DEGUEDO,A3C2,5,P,24.53,5.05,0.73,4.29,4.25,4.21,4.18,4.15,4.15,4.12,4.1,4.1,4.08,4.06,4.05,4.05,4.03,4.03,4.03,4.02,4.03,4.03,4.07,4.18,4.41,4.99,5.96,7.17,8.19,8.69,8.3,9.05,14.24,23.39
DEGUEDO,A3C2,5,P,24.01,1.65,0.01,4.27,4.22,4.17,4.14,4.11,4.11,4.09,4.08,4.08,4.06,4.05,4.05,4.05,4.04,4.04,4.04,4.03,4.04,4.04,4.04,4.06,4.07,4.13,4.27,4.64,5.34,6.13,6.65,7.76,11.85,18.59
DEGUEDO,A3C2,5,P,24.24,0.82,-0.02,4.31,4.27,4.22,4.2,4.18,4.19,4.17,4.16,4.16,4.14,4.14,4.14,4.14,4.13,4.14,4.14,4.14,4.15,4.15,4.17,4.19,4.21,4.25,4.3,4.39,4.55,4.78,5.07,5.56,7.17,10.73
DEGUEDO,A4C3,2,YG,56.06,-1.24,37.63,5.73,6.47,7.05,7.3,7.46,7.72,8.02,8.23,8.18,8.5,10.3,14.04,18.95,22.83,25.07,26.46,27.5,28.1,28.39,28.94,29.62,29.09,27.76,27.38,25.84,22.52,19.11,14.75,15.22,25.78,42.97
DEGUEDO,A4C3,2,YG,53.35,-6.5,36.08,5.21,5.72,6.2,6.47,6.65,6.92,7.2,7.36,7.38,7.68,9.25,12.62,17.49,21.61,23.98,25.31,25.93,25.63,24.79,24.31,24.18,23.06,21.39,20.8,19.32,16.5,13.82,10.78,11.19,19.63,36.31
DEGUEDO,A4C3,2,YG,53.35,-4.16,36.3,5.41,5.9,6.33,6.53,6.65,6.87,7.12,7.27,7.25,7.51,8.95,12.13,16.84,20.88,23.33,24.81,25.67,25.65,25.17,25.05,25.2,24.24,22.64,22.13,20.59,17.54,14.71,11.42,11.87,20.93,38.32
DEGUEDO,A4C3,2,YG,51.06,1.29,32.67,5.35,5.91,6.36,6.56,6.68,6.87,7.09,7.21,7.16,7.36,8.57,11.12,14.66,17.56,19.34,20.63,21.84,22.79,23.44,24.19,24.91,24.43,23.19,22.79,21.41,18.56,15.69,12.21,12.64,21.47,36.92
DEGUEDO,A4C3,2,YG,44.89,0.23,24.21,4.6,4.88,5.34,5.87,6.27,6.53,6.72,6.79,6.78,6.9,7.63,9.25,11.77,14,15.23,15.8,15.96,15.81,15.88,16.67,17.76,17.92,17.33,17.22,16.31,14.33,12.48,10.36,10.7,16.9,30.45
DEGUEDO,A4C3,2,YG,51.04,2.52,32.58,5.17,5.73,6.28,6.57,6.73,6.91,7.12,7.25,7.16,7.34,8.52,11.03,14.54,17.44,19.2,20.4,21.47,22.33,23.1,24.21,25.34,25.16,24.09,23.8,22.58,19.77,16.8,13.18,13.53,22.37,38.06
DEGUEDO,A4C3,2,YG,53.21,-8.35,36.73,5.31,5.76,6.11,6.28,6.41,6.66,6.92,7.06,7.1,7.41,8.99,12.5,17.71,22.08,24.54,25.8,26.2,25.5,24.26,23.49,23.17,22.01,20.38,19.79,18.37,15.66,13.09,10.19,10.68,18.76,34.36
DEGUEDO,A4C3,2,YG,49.09,-1.12,32.34,5.29,5.62,5.83,5.88,5.93,6.11,6.29,6.37,6.36,6.55,7.68,10.14,13.65,16.55,18.28,19.51,20.58,21.2,21.38,21.64,21.94,21.25,19.92,19.45,17.9,15.1,12.73,9.92,10.43,18.64,34.24
DEGUEDO,A4C3,2,YG,50,-1.03,33.13,5.36,5.7,5.95,6.04,6.11,6.29,6.48,6.58,6.56,6.75,7.91,10.43,14.07,17.12,19.05,20.44,21.6,22.18,22.3,22.56,22.91,22.18,20.8,20.34,18.75,15.81,13.31,10.39,10.9,19.6,36.65
DEGUEDO,A4C3,2,YG,48.12,-5.82,31.27,5.1,5.4,5.63,5.72,5.78,5.96,6.15,6.22,6.25,6.44,7.48,9.87,13.63,16.95,18.92,20.1,20.68,20.38,19.6,19.16,19,18.07,16.69,16.17,14.82,12.49,10.61,8.53,9.01,15.82,30.73
DEGUEDO,A4C3,3,RY,37.43,20.76,17.63,4.9,5.04,5.16,5.19,5.17,5.19,5.21,5.15,5.04,4.98,5.03,5.23,5.54,5.85,6.23,6.83,7.94,9.73,12.17,15.11,17.92,19.34,19.53,19.9,18.96,16.45,14,10.91,11.28,19.75,36.22
DEGUEDO,A4C3,3,RY,46.95,7.61,28.75,5.4,5.76,5.99,6.04,6.07,6.19,6.31,6.36,6.3,6.36,7.11,8.78,11.15,13.11,14.41,15.57,16.96,18.38,19.79,21.41,22.94,23.14,22.38,22.26,21.01,18.15,15.35,11.92,12.36,21.28,37.29
DEGUEDO,A4C3,3,RY,36.6,22.94,16.99,4.84,5,5.1,5.08,5.05,5.02,5.01,4.96,4.85,4.76,4.81,4.97,5.23,5.45,5.72,6.2,7.15,8.75,11.13,14.16,17.27,19.29,20.16,20.94,20.34,18.15,15.77,12.45,12.74,20.97,34.88
DEGUEDO,A4C3,3,RY,39.66,14.64,20.78,4.89,5.08,5.21,5.21,5.22,5.27,5.33,5.31,5.25,5.22,5.5,6.12,6.95,7.61,8.16,8.95,10.29,12.07,14.16,16.38,18.33,18.93,18.51,18.54,17.4,14.89,12.56,9.76,10.18,18.27,33.7
DEGUEDO,A4C3,3,RY,38.87,32.18,19.07,4.94,5.33,5.58,5.59,5.53,5.44,5.4,5.32,5.12,4.96,4.92,4.97,5.08,5.22,5.41,5.81,6.72,8.54,11.77,16.33,21.33,25.26,27.8,29.73,30.16,28.5,25.57,20.84,20.91,30.36,42.98
DEGUEDO,A4C3,3,RY,36.94,18.12,17.51,4.72,4.9,5.01,5.01,4.99,5.01,5.05,5.01,4.93,4.85,4.97,5.26,5.68,6.02,6.37,6.95,8.07,9.79,12.03,14.54,16.81,17.8,17.74,17.94,16.98,14.66,12.45,9.73,10.11,17.87,32.87
DEGUEDO,A4C3,3,RY,42.4,19.16,23.37,5.12,5.47,5.69,5.72,5.72,5.75,5.8,5.8,5.64,5.57,5.84,6.45,7.27,7.98,8.65,9.62,11.32,13.77,16.75,19.83,22.47,23.56,23.41,23.58,22.43,19.58,16.66,12.83,13.18,22.39,37.62
DEGUEDO,A4C3,3,RY,36.48,21.5,16.28,5.01,5.16,5.21,5.17,5.13,5.11,5.11,5.07,4.98,4.9,4.97,5.17,5.47,5.73,6,6.46,7.36,8.8,10.86,13.4,16.1,18.1,19.34,20.52,20.47,18.83,16.66,13.36,13.84,22.19,34.77
DEGUEDO,A4C3,3,RY,49.21,11.07,30.06,5.54,6.07,6.48,6.65,6.72,6.82,6.97,7.06,6.92,6.99,7.81,9.57,11.91,13.82,15.14,16.41,18.09,20.1,22.29,24.63,26.72,27.32,26.78,26.8,25.57,22.61,19.45,15.27,15.57,25.22,41
DEGUEDO,A4C3,3,RY,35.82,26.65,15.95,4.56,4.77,4.96,5.02,5.02,4.98,4.96,4.92,4.81,4.73,4.73,4.82,5,5.13,5.29,5.57,6.18,7.35,9.43,12.58,16.34,19.52,21.77,23.64,24.15,22.77,20.46,16.71,17.09,25.98,38.81
DEGUEDO,A4C3,4,R,24.88,8.41,1.9,4.18,4.14,4.11,4.07,4.06,4.03,4.03,4,4,3.97,3.95,3.94,3.94,3.93,3.92,3.91,3.92,3.92,3.98,4.15,4.58,5.32,6.43,7.78,8.96,9.43,9.32,8.27,8.87,14.47,24.07
DEGUEDO,A4C3,4,R,26.29,15.57,4.9,4.05,4.02,4.01,3.98,3.96,3.93,3.93,3.9,3.89,3.88,3.87,3.84,3.84,3.83,3.82,3.81,3.83,3.87,4.08,4.69,6,7.78,9.83,11.87,13.2,13.21,12.38,10.37,10.82,17.47,28.16
DEGUEDO,A4C3,4,R,33.71,28.91,14.96,4.47,4.58,4.62,4.57,4.51,4.44,4.41,4.36,4.27,4.21,4.18,4.17,4.19,4.23,4.32,4.52,5,6.02,7.97,10.96,14.6,17.95,20.68,23.08,24.33,23.67,21.51,17.44,17.93,27.54,39.99
DEGUEDO,A4C3,4,R,30.68,23.7,10.51,4.45,4.46,4.43,4.37,4.33,4.28,4.26,4.24,4.2,4.17,4.15,4.12,4.13,4.13,4.14,4.2,4.38,4.85,6.02,8.15,11.09,13.93,16.18,18.1,18.58,17.33,15.56,12.48,12.88,21.27,34.19
DEGUEDO,A4C3,4,R,32.12,23.83,12.22,4.45,4.51,4.55,4.52,4.49,4.45,4.42,4.38,4.32,4.25,4.22,4.21,4.24,4.28,4.35,4.5,4.9,5.78,7.43,9.95,12.92,15.36,17,18.41,18.58,17.06,15.01,11.85,12.19,20.26,33.01
DEGUEDO,A4C3,4,R,32.7,20.77,12.44,4.46,4.56,4.63,4.63,4.61,4.59,4.58,4.55,4.48,4.44,4.44,4.46,4.55,4.64,4.75,4.97,5.49,6.51,8.24,10.65,13.25,15.06,15.97,16.8,16.31,14.37,12.48,9.89,10.3,17.89,31.77
DEGUEDO,A4C3,4,R,31.13,25.57,11.65,4.35,4.36,4.35,4.31,4.25,4.22,4.2,4.17,4.13,4.09,4.08,4.06,4.07,4.09,4.12,4.2,4.45,5.01,6.19,8.25,11.11,14.14,16.98,19.57,21.11,20.93,19.57,16.48,17.19,25.91,37.48
DEGUEDO,A4C3,4,R,31.67,26.06,12.25,4.44,4.47,4.46,4.39,4.33,4.29,4.26,4.22,4.15,4.11,4.08,4.05,4.05,4.07,4.1,4.19,4.48,5.18,6.68,9.22,12.51,15.54,17.87,19.85,20.44,19.17,17.05,13.55,13.93,22.82,36.1
DEGUEDO,A4C3,4,R,40.7,26.29,22.18,4.84,5.15,5.39,5.45,5.44,5.44,5.44,5.39,5.21,5.07,5.15,5.41,5.79,6.16,6.63,7.42,8.95,11.44,14.87,18.92,22.77,25.05,25.81,26.56,25.86,23.16,19.9,15.34,15.64,25.66,40.82
DEGUEDO,A4C3,4,R,33.93,22.66,14.12,4.76,4.84,4.83,4.76,4.7,4.68,4.66,4.61,4.51,4.44,4.44,4.47,4.56,4.65,4.81,5.12,5.84,7.18,9.32,12.05,14.84,16.71,17.6,18.39,17.86,15.88,13.84,10.94,11.37,19.21,32
DEGUEDO,A4C3,5,P,24.38,7.9,1.83,4.03,4,3.97,3.93,3.91,3.89,3.89,3.87,3.86,3.85,3.85,3.83,3.83,3.82,3.81,3.8,3.81,3.82,3.86,3.99,4.31,4.88,5.83,7.13,8.53,9.53,9.9,9.18,10.06,15.84,24.44
DEGUEDO,A4C3,5,P,21.7,0.91,-0.19,3.59,3.55,3.53,3.49,3.48,3.46,3.46,3.44,3.44,3.42,3.42,3.4,3.41,3.4,3.4,3.39,3.4,3.4,3.41,3.42,3.44,3.46,3.5,3.53,3.6,3.73,3.97,4.3,4.92,6.91,11.03
DEGUEDO,A4C3,5,P,23.24,3.78,0.54,3.91,3.88,3.84,3.81,3.79,3.78,3.78,3.76,3.75,3.74,3.73,3.72,3.72,3.71,3.7,3.7,3.7,3.7,3.72,3.76,3.84,3.99,4.34,4.93,5.79,6.57,6.99,6.68,7.38,12.06,20.17
DEGUEDO,A4C3,5,P,23.33,5.49,1.12,3.85,3.81,3.77,3.75,3.72,3.7,3.7,3.69,3.68,3.68,3.67,3.65,3.65,3.65,3.64,3.64,3.65,3.66,3.68,3.73,3.85,4.15,4.74,5.69,6.85,7.78,8.18,7.65,8.36,13.49,21.9
DEGUEDO,A4C3,5,P,23.14,1.48,-0.23,4.03,3.99,3.96,3.92,3.9,3.88,3.87,3.85,3.85,3.83,3.82,3.8,3.8,3.79,3.79,3.77,3.77,3.78,3.78,3.79,3.81,3.84,3.88,3.96,4.2,4.71,5.36,5.97,7.1,10.58,16.3
DEGUEDO,A4C3,5,P,23.05,0.91,-0.21,4,3.95,3.92,3.89,3.86,3.85,3.84,3.83,3.82,3.82,3.8,3.78,3.78,3.78,3.78,3.77,3.78,3.78,3.79,3.8,3.82,3.85,3.87,3.9,3.98,4.16,4.44,4.8,5.43,7.62,11.78
DEGUEDO,A4C3,5,P,23.96,3.6,0.35,4.19,4.14,4.1,4.06,4.05,4.03,4.02,3.99,4,3.97,3.97,3.95,3.95,3.94,3.93,3.92,3.92,3.93,3.94,3.95,4.01,4.13,4.43,5,5.92,6.97,7.71,7.75,8.69,13.2,20.06
DEGUEDO,A4C3,5,P,22.02,0.75,-0.05,3.66,3.62,3.59,3.56,3.54,3.53,3.52,3.51,3.5,3.5,3.49,3.49,3.49,3.49,3.49,3.49,3.49,3.5,3.51,3.52,3.53,3.56,3.6,3.64,3.7,3.77,3.92,4.15,4.54,5.72,8.36
DEGUEDO,A4C3,5,P,23.28,0.52,-0.22,4.08,4.03,3.99,3.95,3.93,3.91,3.91,3.9,3.9,3.89,3.88,3.86,3.87,3.86,3.86,3.85,3.86,3.86,3.87,3.88,3.89,3.91,3.94,3.97,4.02,4.07,4.14,4.24,4.39,4.84,5.97
DEGUEDO,A4C3,5,P,22.49,1.57,-0.1,3.8,3.77,3.74,3.7,3.69,3.67,3.66,3.65,3.64,3.62,3.62,3.6,3.6,3.6,3.59,3.58,3.59,3.59,3.6,3.63,3.65,3.68,3.74,3.82,4.04,4.49,5.08,5.61,6.6,9.78,15.27
DEGUEDO,A2C2,1,G,57.4,-13.85,39.12,6.03,6.66,7.06,7.21,7.39,7.81,8.2,8.42,8.56,9.11,11.39,16.11,22.75,28.08,30.89,32.13,31.91,30.04,27.64,26.01,25.16,23.68,21.86,21.21,19.52,16.54,14.02,11.14,11.77,20.92,38.85
DEGUEDO,A2C2,1,G,55.19,-12.69,39.02,5.17,5.7,6.09,6.27,6.47,6.85,7.17,7.39,7.57,8.06,10.16,14.47,20.51,25.36,27.92,29.09,29.02,27.47,25.46,24.11,23.43,22.1,20.44,19.83,18.22,15.37,12.99,10.21,10.85,19.59,36.55
DEGUEDO,A2C2,1,G,53.16,-14.98,36.83,5.34,5.72,6,6.11,6.25,6.56,6.84,7,7.11,7.52,9.25,13.06,18.91,23.97,26.69,27.82,27.42,25.29,22.74,21.07,20.21,18.81,17.13,16.51,15.09,12.66,10.71,8.64,9.19,16.37,32.67
DEGUEDO,A2C2,1,G,51.12,-15.41,34.7,5.28,5.58,5.78,5.85,5.95,6.25,6.52,6.65,6.75,7.12,8.63,12,17.36,22.14,24.71,25.75,25.27,23.08,20.52,18.89,18.05,16.7,15.11,14.53,13.3,11.18,9.47,7.75,8.26,14.47,29.59
DEGUEDO,A2C2,1,G,51.88,-13.79,36.39,5.14,5.44,5.67,5.77,5.89,6.17,6.4,6.54,6.65,6.99,8.54,12.03,17.49,22.29,24.98,26.16,25.96,24.13,21.82,20.3,19.52,18.15,16.48,15.88,14.52,12.16,10.23,8.19,8.69,15.56,31.21
DEGUEDO,A2C2,1,G,52,-15.03,35.87,5.34,5.64,5.85,5.91,6.03,6.33,6.58,6.7,6.84,7.2,8.8,12.37,17.98,22.85,25.49,26.58,26.18,24.07,21.54,19.89,19.05,17.69,16.08,15.48,14.09,11.8,10.01,8.12,8.7,15.52,31.34
DEGUEDO,A2C2,1,G,52.66,-14.13,36.68,5.23,5.58,5.86,5.99,6.13,6.4,6.66,6.81,6.9,7.27,8.93,12.56,18.2,23.15,25.92,27.12,26.83,24.88,22.46,20.88,20.07,18.68,17.03,16.43,15.05,12.69,10.72,8.63,9.14,16.11,31.63
DEGUEDO,A2C2,1,G,55.15,-10.52,37.9,5.17,5.64,6.16,6.57,6.89,7.22,7.5,7.74,7.86,8.27,10.05,13.77,19.34,24.28,27.31,28.85,29.06,27.8,25.93,24.7,24.09,22.78,21.08,20.47,19.1,16.54,14.05,11.18,11.63,19.59,35.38
DEGUEDO,A2C2,1,G,56.91,-12.67,39.18,5.72,6.31,6.76,6.96,7.18,7.58,7.9,8.16,8.34,8.87,11.15,15.9,22.29,27.25,29.82,30.94,30.83,29.36,27.34,25.94,25.2,23.86,22.18,21.59,19.9,16.87,14.32,11.28,11.99,21.39,37.97
DEGUEDO,A2C2,1,G,54.26,-14.72,37.33,5.53,5.97,6.29,6.4,6.54,6.89,7.22,7.38,7.5,7.93,9.85,13.89,19.93,24.99,27.71,28.86,28.53,26.47,23.95,22.29,21.44,19.99,18.27,17.64,16.15,13.58,11.46,9.19,9.79,17.52,34.38
DEGUEDO,A2C2,2,YG,49.47,-6.51,34.33,4.49,4.81,5.14,5.34,5.51,5.74,5.93,6.1,6.23,6.54,7.87,10.76,14.89,18.35,20.35,21.43,21.82,21.39,20.58,20.09,19.97,19.24,18.1,17.77,16.48,14.04,11.98,9.56,10.17,17.79,31.93
DEGUEDO,A2C2,2,YG,56.09,-8.24,39.43,5.24,5.82,6.37,6.7,6.95,7.22,7.47,7.69,7.78,8.18,10.03,14.02,19.81,24.67,27.54,29.1,29.59,28.85,27.56,26.73,26.36,25.17,23.5,22.89,21.23,18.18,15.4,12.05,12.57,21.8,38.48
DEGUEDO,A2C2,2,YG,38.79,6.93,19.42,4.51,4.68,4.86,4.99,5.11,5.2,5.28,5.34,5.4,5.49,5.9,6.67,7.75,8.66,9.33,10.06,10.89,11.71,12.62,13.63,14.48,14.7,14.67,14.96,14.21,12.6,11.21,9.54,10.51,16.99,27.8
DEGUEDO,A2C2,2,YG,44.1,5.24,25.6,4.62,4.89,5.24,5.52,5.72,5.84,5.93,6.01,6,6.08,6.75,8.23,10.33,12.08,13.15,13.94,14.75,15.59,16.57,17.85,19.11,19.35,18.75,18.6,17.32,14.9,12.91,10.28,10.66,17.93,31.39
DEGUEDO,A2C2,2,YG,38.37,12.09,17.48,4.84,5.03,5.23,5.36,5.44,5.49,5.53,5.57,5.56,5.64,6.04,6.74,7.54,8.08,8.49,8.93,9.55,10.45,11.69,13.25,14.89,16.1,16.92,17.75,17.74,16.69,15.3,12.93,13.39,20.06,29.88
DEGUEDO,A2C2,2,YG,39.91,4.14,19.39,4.78,5,5.24,5.42,5.53,5.64,5.71,5.76,5.76,5.84,6.25,7.21,8.63,9.98,10.81,11.37,11.86,12.3,12.85,13.68,14.6,14.89,14.56,14.56,13.84,12.18,10.73,8.89,9.23,14.71,25.62
DEGUEDO,A2C2,2,YG,56.51,-2.21,38.56,4.98,5.55,6.33,7.04,7.54,7.8,8.03,8.3,8.29,8.58,10.21,13.65,18.7,23.15,26.03,27.79,28.84,29.12,29.04,29.24,29.57,28.85,27.46,27.01,25.36,22.09,19.19,15.38,15.8,25.7,42.63
DEGUEDO,A2C2,2,YG,47.59,0.9,29.78,4.67,5.07,5.53,5.82,6.02,6.19,6.33,6.43,6.46,6.61,7.55,9.66,12.69,15.25,16.8,17.81,18.58,19.03,19.43,20.13,20.91,20.74,19.87,19.64,18.28,15.71,13.56,10.76,11.24,19.17,33.61
DEGUEDO,A2C2,2,YG,45.19,2.41,26.26,4.94,5.28,5.62,5.83,5.96,6.08,6.15,6.25,6.23,6.37,7.15,8.96,11.45,13.53,14.74,15.47,16.03,16.48,16.98,17.82,18.82,19.09,18.6,18.53,17.36,15.03,13.13,10.51,10.86,18,30.3
DEGUEDO,A2C2,2,YG,50.25,-2.16,33.6,4.88,5.25,5.64,5.89,6.08,6.29,6.45,6.61,6.67,6.89,8.11,10.8,14.67,17.96,19.91,21.04,21.69,21.84,21.82,22.16,22.68,22.19,20.95,20.54,18.99,16.1,13.64,10.59,11.1,19.54,35.24
DEGUEDO,A2C2,3,RY,35.23,13.9,15.24,4.67,4.78,4.83,4.83,4.84,4.87,4.88,4.87,4.83,4.8,4.95,5.29,5.76,6.14,6.45,6.88,7.65,8.85,10.46,12.36,14.12,14.79,14.62,14.73,13.99,12.09,10.25,8.19,8.63,15.09,28.28
DEGUEDO,A2C2,3,RY,48.41,-6.24,30.76,5.14,5.36,5.62,5.84,6.04,6.23,6.39,6.52,6.57,6.8,7.88,10.24,13.98,17.37,19.4,20.48,20.86,20.38,19.55,19.16,19.1,18.16,16.77,16.28,15.1,12.9,10.95,8.89,9.35,16.06,31.53
DEGUEDO,A2C2,3,RY,37,11.59,17.02,4.56,4.72,4.89,5,5.08,5.11,5.14,5.16,5.12,5.13,5.39,5.99,6.84,7.53,7.96,8.35,8.9,9.67,10.83,12.52,14.4,15.4,15.6,16.01,15.45,13.68,11.85,9.65,10.05,16.68,30.33
DEGUEDO,A2C2,3,RY,37.89,16.75,17.63,4.98,5.14,5.19,5.18,5.2,5.29,5.35,5.38,5.35,5.37,5.64,6.17,6.71,7.08,7.36,7.78,8.57,9.84,11.6,13.84,16.3,17.88,18.64,19.6,19.39,17.37,14.76,11.32,11.9,21.33,36.99
DEGUEDO,A2C2,3,RY,35.28,14.78,14.43,4.55,4.71,4.87,4.98,5.06,5.08,5.08,5.07,5.03,4.99,5.13,5.47,5.96,6.37,6.64,6.95,7.48,8.35,9.73,11.69,13.84,15.13,15.51,15.98,15.48,13.76,11.96,9.7,10.02,16.39,29.35
DEGUEDO,A2C2,3,RY,44.22,1.91,25.14,5.04,5.29,5.53,5.68,5.81,5.94,6.05,6.15,6.16,6.29,7.02,8.56,10.76,12.63,13.74,14.57,15.45,16.21,16.86,17.62,18.29,17.83,16.7,16.32,15.29,13.2,11.18,9,9.36,15.82,29.97
DEGUEDO,A2C2,4,R,26.36,10.96,2.97,4.42,4.4,4.37,4.34,4.33,4.31,4.29,4.26,4.25,4.23,4.21,4.2,4.2,4.19,4.17,4.18,4.19,4.24,4.39,4.75,5.45,6.47,7.82,9.48,10.94,11.55,11.31,9.91,10.69,17.67,29.07
DEGUEDO,A2C2,4,R,35.95,21.11,15.2,4.82,5,5.13,5.17,5.17,5.16,5.14,5.13,5.04,4.98,5.05,5.26,5.52,5.72,5.9,6.23,6.9,8.15,10.2,13,16,18,18.89,19.71,19.37,17.41,14.95,11.7,12.11,20.15,33.35
DEGUEDO,A2C2,4,R,28.22,15.14,6.17,4.38,4.39,4.38,4.36,4.35,4.32,4.3,4.25,4.23,4.18,4.17,4.16,4.17,4.17,4.18,4.24,4.39,4.72,5.43,6.6,8.13,9.53,10.63,11.74,12.12,11.37,10.27,8.55,8.95,14.72,25.51
DEGUEDO,A2C2,4,R,26.67,12.16,3.6,4.45,4.41,4.36,4.33,4.31,4.29,4.27,4.24,4.24,4.22,4.21,4.19,4.2,4.19,4.18,4.19,4.2,4.25,4.42,4.86,5.77,7.06,8.64,10.41,11.68,11.83,11.23,9.54,10.26,17.4,29.43
DEGUEDO,A2C2,4,R,27.27,14.46,4.18,4.47,4.45,4.43,4.41,4.4,4.38,4.36,4.33,4.32,4.3,4.28,4.27,4.26,4.26,4.24,4.25,4.26,4.29,4.44,4.88,5.88,7.43,9.5,11.87,13.91,14.84,14.6,12.71,13.68,21.78,33.12
DEGUEDO,A2C2,4,R,34.38,23.84,13.88,4.71,4.83,4.91,4.92,4.91,4.89,4.86,4.83,4.76,4.69,4.7,4.79,4.92,5,5.11,5.3,5.76,6.76,8.66,11.58,14.98,17.58,19.06,20.3,20.32,18.54,15.99,12.37,12.84,21.42,34.69
DEGUEDO,A2C2,4,R,36.24,28.87,15.55,4.72,4.94,5.13,5.19,5.21,5.23,5.22,5.21,5.07,4.97,4.96,5.01,5.06,5.07,5.14,5.35,5.91,7.13,9.41,12.88,17.02,20.58,23.23,25.5,26.7,25.84,22.97,18.14,18.65,28.96,41.87
DEGUEDO,A2C2,4,R,28.4,17.74,6.2,4.46,4.45,4.43,4.4,4.4,4.37,4.34,4.31,4.3,4.27,4.24,4.23,4.23,4.23,4.23,4.24,4.3,4.45,4.9,5.87,7.48,9.45,11.58,13.76,15.38,15.87,15.29,13.21,14.08,21.82,32.65
DEGUEDO,A2C2,4,R,27.63,18.01,5.67,4.35,4.32,4.29,4.26,4.25,4.22,4.19,4.16,4.15,4.11,4.1,4.09,4.08,4.06,4.05,4.05,4.07,4.14,4.41,5.15,6.62,8.68,11.13,13.71,15.96,16.91,16.13,13.72,14.5,22.09,32.28
DEGUEDO,A2C2,4,R,27.04,13.38,4.42,4.4,4.38,4.34,4.3,4.29,4.27,4.23,4.2,4.19,4.16,4.15,4.14,4.14,4.12,4.11,4.12,4.17,4.28,4.62,5.41,6.73,8.19,9.53,10.86,11.43,10.83,9.81,8.16,8.58,14.73,27.14
DEGUEDO,A2C2,5,P,23.15,0.56,-0.07,4.04,3.99,3.93,3.89,3.88,3.86,3.84,3.83,3.82,3.82,3.81,3.81,3.83,3.82,3.83,3.83,3.84,3.83,3.83,3.84,3.83,3.85,3.88,3.9,3.94,4.04,4.22,4.55,5.11,6.49,9.11
DEGUEDO,A2C2,5,P,22.67,0.65,-0.09,3.9,3.86,3.79,3.75,3.74,3.73,3.71,3.68,3.69,3.66,3.66,3.66,3.68,3.67,3.68,3.69,3.7,3.7,3.7,3.7,3.7,3.72,3.74,3.77,3.83,3.91,4.1,4.39,4.92,6.26,8.84
DEGUEDO,A2C2,5,P,23.22,0.48,-0.16,4.07,4.02,3.96,3.93,3.91,3.9,3.88,3.86,3.86,3.84,3.84,3.84,3.85,3.84,3.85,3.85,3.86,3.86,3.86,3.86,3.85,3.87,3.89,3.91,3.94,4,4.12,4.34,4.77,5.82,7.99
DEGUEDO,A2C2,5,P,24.24,6.7,1.27,4.13,4.09,4.03,3.98,3.98,3.96,3.94,3.91,3.9,3.88,3.87,3.86,3.86,3.85,3.84,3.84,3.85,3.85,3.89,3.97,4.19,4.59,5.32,6.39,7.77,8.95,9.41,8.81,9.82,16.14,26.35
DEGUEDO,A2C2,5,P,23.88,0.4,1.02,4.03,3.99,3.93,3.9,3.89,3.88,3.87,3.86,3.86,3.85,3.87,3.91,3.98,4.03,4.07,4.1,4.11,4.1,4.1,4.09,4.08,4.1,4.11,4.13,4.19,4.26,4.45,4.71,5.26,7.02,10.48
DEGUEDO,A2C2,5,P,23.43,0.47,-0.17,4.14,4.08,4.02,3.98,3.98,3.97,3.94,3.91,3.93,3.9,3.89,3.9,3.92,3.91,3.91,3.91,3.91,3.91,3.93,3.92,3.92,3.94,3.97,3.99,4.02,4.08,4.16,4.32,4.6,5.29,6.86
DEGUEDO,A2C2,5,P,23.29,0.95,0.06,4.03,3.99,3.94,3.9,3.9,3.88,3.86,3.85,3.85,3.84,3.83,3.83,3.84,3.84,3.84,3.85,3.86,3.86,3.88,3.89,3.9,3.92,3.96,4.02,4.11,4.3,4.57,4.9,5.52,7.52,11.36
DEGUEDO,A2C2,5,P,23.78,1.62,0.05,4.17,4.14,4.09,4.06,4.05,4.03,4.01,3.99,3.99,3.97,3.96,3.97,3.97,3.96,3.96,3.97,3.97,3.97,3.99,4,4.01,4.06,4.13,4.24,4.51,5.01,5.64,6.24,7.41,10.78,16.05
DEGUEDO,A2C2,5,P,22.79,0.98,-0.07,3.92,3.87,3.82,3.77,3.77,3.76,3.74,3.71,3.72,3.7,3.69,3.69,3.7,3.69,3.7,3.7,3.71,3.71,3.72,3.73,3.74,3.77,3.8,3.85,3.95,4.16,4.47,4.89,5.58,7.42,10.76
DEGUEDO,A2C2,5,P,23.32,1.76,0,4.07,4.02,3.96,3.93,3.92,3.9,3.88,3.86,3.86,3.84,3.83,3.82,3.83,3.82,3.81,3.82,3.83,3.83,3.84,3.85,3.87,3.92,4.01,4.17,4.51,5.03,5.53,5.81,6.6,9.72,15.11